[0.000000] (-) TimerEvent: {}
[0.000379] (lab2_turtlesim) JobQueued: {'identifier': 'lab2_turtlesim', 'dependencies': OrderedDict()}
[0.000455] (turtle_patrol) JobQueued: {'identifier': 'turtle_patrol', 'dependencies': OrderedDict()}
[0.000496] (turtle_patrol_interface) JobQueued: {'identifier': 'turtle_patrol_interface', 'dependencies': OrderedDict()}
[0.000534] (lab2_turtlesim) JobStarted: {'identifier': 'lab2_turtlesim'}
[0.098966] (-) TimerEvent: {}
[0.124062] (turtle_patrol) JobStarted: {'identifier': 'turtle_patrol'}
[0.199180] (-) TimerEvent: {}
[0.210765] (turtle_patrol_interface) JobStarted: {'identifier': 'turtle_patrol_interface'}
[0.299985] (-) TimerEvent: {}
[0.401719] (-) TimerEvent: {}
[0.503870] (-) TimerEvent: {}
[0.605226] (-) TimerEvent: {}
[0.706333] (-) TimerEvent: {}
[0.807016] (-) TimerEvent: {}
[0.909742] (-) TimerEvent: {}
[1.010556] (-) TimerEvent: {}
[1.111334] (-) TimerEvent: {}
[1.212046] (-) TimerEvent: {}
[1.312824] (-) TimerEvent: {}
[1.414724] (-) TimerEvent: {}
[1.515423] (-) TimerEvent: {}
[1.616166] (-) TimerEvent: {}
[1.716898] (-) TimerEvent: {}
[1.817546] (-) TimerEvent: {}
[1.918309] (-) TimerEvent: {}
[2.019527] (-) TimerEvent: {}
[2.122106] (-) TimerEvent: {}
[2.222778] (-) TimerEvent: {}
[2.324003] (-) TimerEvent: {}
[2.425312] (-) TimerEvent: {}
[2.526322] (-) TimerEvent: {}
[2.627306] (-) TimerEvent: {}
[2.728678] (-) TimerEvent: {}
[2.829406] (-) TimerEvent: {}
[2.930366] (-) TimerEvent: {}
[3.031225] (-) TimerEvent: {}
[3.133003] (-) TimerEvent: {}
[3.235005] (-) TimerEvent: {}
[3.335672] (-) TimerEvent: {}
[3.439520] (-) TimerEvent: {}
[3.540210] (-) TimerEvent: {}
[3.640909] (-) TimerEvent: {}
[3.741718] (-) TimerEvent: {}
[3.843086] (-) TimerEvent: {}
[3.943703] (-) TimerEvent: {}
[4.044679] (-) TimerEvent: {}
[4.145774] (-) TimerEvent: {}
[4.246346] (-) TimerEvent: {}
[4.347212] (-) TimerEvent: {}
[4.447747] (-) TimerEvent: {}
[4.548326] (-) TimerEvent: {}
[4.648928] (-) TimerEvent: {}
[4.749754] (-) TimerEvent: {}
[4.851342] (-) TimerEvent: {}
[4.904927] (turtle_patrol_interface) JobProgress: {'identifier': 'turtle_patrol_interface', 'progress': 'cmake'}
[4.931992] (turtle_patrol_interface) Command: {'cmd': ['/usr/bin/cmake', '/home/cc/ee106a/fa26/class/ee106a-aec/ros_workspaces/lab2/src/turtle_patrol_interface', '-DCMAKE_INSTALL_PREFIX=/home/cc/ee106a/fa26/class/ee106a-aec/ros_workspaces/lab2/src/install/turtle_patrol_interface'], 'cwd': '/home/cc/ee106a/fa26/class/ee106a-aec/ros_workspaces/lab2/src/build/turtle_patrol_interface', 'env': OrderedDict([('ARCH', 'x86_64'), ('QT_SCALE_FACTOR', '1'), ('USER', 'ee106a-aec'), ('HOSTNAME', 'lab12'), ('SSH_AGENT_PID', '2171682'), ('XDG_SESSION_TYPE', 'x11'), ('MASTERDIR', '/home/ff/ee106a'), ('XDG_CACHE_HOME', '/home/cc/ee106a/fa26/class/ee106a-aec/.cache'), ('SHLVL', '2'), ('LD_LIBRARY_PATH', '/usr/lib/x86_64-linux-gnu/gazebo-11/plugins:/opt/ros/humble/opt/rviz_ogre_vendor/lib:/opt/ros/humble/lib/x86_64-linux-gnu:/opt/ros/humble/lib'), ('HOME', '/home/cc/ee106a/fa26/class/ee106a-aec'), ('OLDPWD', '/home/cc/ee106a/fa26/class/ee106a-aec/ros_workspaces/lab2'), ('ROS_PYTHON_VERSION', '3'), ('GTK_MODULES', 'appmenu-gtk-module:gail:atk-bridge'), ('MANAGERPID', '2171222'), ('DISTROBOX_ENTER_PATH', '/usr/local/bin/distrobox-enter'), ('DBUS_STARTER_BUS_TYPE', 'session'), ('SYSTEMD_EXEC_PID', '2171308'), ('XRDP_PULSE_SOURCE_SOCKET', 'xrdp_chansrv_audio_in_socket_52'), ('NNTPSERVER', 'news.csua.berkeley.edu'), ('VISUAL', 'emacs'), ('XRDP_PULSE_SINK_SOCKET', 'xrdp_chansrv_audio_out_socket_52'), ('XDG_STATE_HOME', '/home/cc/ee106a/fa26/class/ee106a-aec/.local/state'), ('DBUS_SESSION_BUS_ADDRESS', 'unix:path=/run/user/90971/bus,guid=52800165431ee7d7721b66096aa1f86a'), ('COLORTERM', 'truecolor'), ('container', 'podman'), ('LIBVIRT_DEFAULT_URI', 'qemu:///system'), ('UBUNTU_MENUPROXY', '1'), ('PULSE_SCRIPT', '/etc/xrdp/pulse/default.pa'), ('IM_CONFIG_PHASE', '1'), ('COLCON_PREFIX_PATH', '/home/ff/ee106a/robot_workspaces/ur/install'), ('ROS_DISTRO', 'humble'), ('GTK_IM_MODULE', 'ibus'), ('LOGNAME', 'ee106a-aec'), ('MASTER', 'ee106a'), ('WINDOWID', '69206022'), ('JOURNAL_STREAM', '8:23676526'), ('ROS_VERSION', '2'), ('XDG_SESSION_CLASS', 'user'), ('TERMINFO_DIRS', '/usr/share/terminfo:/run/host/usr/share/terminfo'), ('TERM', 'xterm-256color'), ('GTK_OVERLAY_SCROLLING', '0'), ('ROS_LOCALHOST_ONLY', '0'), ('GTK2_MODULES', 'overlay-scrollbar'), ('PATH', '/opt/ros/humble/bin:/share/b/grading/bin:/home/ff/ee106a/bin:/home/ff/ee106a/bin/arch/x86_64:/share/b/grading/bin:/home/ff/ee106a/bin:/home/ff/ee106a/bin/arch/x86_64:/usr/local/sbin:/usr/local/bin:/usr/sbin:/usr/bin:/sbin:/bin:/usr/games:/usr/local/games:/snap/bin:/share/b/grading/bin:/share/b/grading/sbin:/share/b/runas/x86_64:/share/b/bin:/home/ff/ee106a/venvs/all:/usr/local/sbin:/usr/local/bin:/usr/sbin:/usr/bin:/sbin:/bin:/share/b/grading/bin:/share/b/grading/sbin:/share/b/runas/x86_64:/share/b/bin:/home/ff/ee106a/venvs/all'), ('SESSION_MANAGER', 'local/derby:@/tmp/.ICE-unix/2171382,unix/derby:/tmp/.ICE-unix/2171382'), ('INVOCATION_ID', '95bb76d0f0d34caa8f4be6f83d4a086b'), ('OS', 'Linux'), ('XRDP_SOCKET_PATH', '/run/xrdp/sockdir'), ('XDG_RUNTIME_DIR', '/run/user/90971'), ('DISPLAY', ':52.0'), ('LANG', 'en_US.UTF-8'), ('XDG_CURRENT_DESKTOP', 'MATE'), ('XDG_DATA_HOME', '/home/cc/ee106a/fa26/class/ee106a-aec/.local/share'), ('XDG_CONFIG_HOME', '/home/cc/ee106a/fa26/class/ee106a-aec/.config'), ('XMODIFIERS', '@im=ibus'), ('SSH_AUTH_SOCK', '/run/user/90971/keyring/ssh'), ('AMENT_PREFIX_PATH', '/home/ff/ee106a/robot_workspaces/ur/install/ur7e_utils:/opt/ros/humble'), ('UID', '90971'), ('SHELL', '/usr/bin/bash'), ('QT_ACCESSIBILITY', '1'), ('RUNAS', '/share/b/runas/x86_64'), ('XRDP_SESSION', '1'), ('GPG_AGENT_INFO', '/run/user/90971/gnupg/S.gpg-agent:0:1'), ('CONFIG_SHELL', '/usr/bin/ksh'), ('QT_IM_MODULE', 'ibus'), ('PWD', '/home/cc/ee106a/fa26/class/ee106a-aec/ros_workspaces/lab2/src/build/turtle_patrol_interface'), ('EE106_ENV_SETUP', 'lab12'), ('CONTAINER_ID', 'lab12'), ('LC_ALL', 'C.UTF-8'), ('XDG_CONFIG_DIRS', '/etc/xdg'), ('CLUTTER_IM_MODULE', 'ibus'), ('DBUS_STARTER_ADDRESS', 'unix:path=/run/user/90971/bus,guid=52800165431ee7d7721b66096aa1f86a'), ('XDG_DATA_DIRS', '/usr/share/mate:/usr/share/gnome:/home/cc/ee106a/fa26/class/ee106a-aec/.local/share/flatpak/exports/share:/var/lib/flatpak/exports/share:/usr/local/share:/usr/share:/var/lib/snapd/desktop'), ('PYTHONPATH', '/home/ff/ee106a/robot_workspaces/ur/install/ur7e_utils/lib/python3.10/site-packages:/opt/ros/humble/lib/python3.10/site-packages:/opt/ros/humble/local/lib/python3.10/dist-packages'), ('MATE_DESKTOP_SESSION_ID', 'this-is-deprecated'), ('COLCON', '1'), ('MANPATH', '/usr/local/man:/usr/man:/usr/X11/man:/usr/local/man:/share/b/grading/man:/usr/local/man:/usr/man:/usr/X11/man:/usr/local/man:/share/b/grading/man:'), ('VTE_VERSION', '6800'), ('EDITOR', 'emacs'), ('QT_FONT_DPI', '96'), ('CMAKE_PREFIX_PATH', '/home/ff/ee106a/robot_workspaces/ur/install/ur7e_utils:/opt/ros/humble')]), 'shell': False}
[4.961383] (-) TimerEvent: {}
[5.063215] (-) TimerEvent: {}
[5.166202] (-) TimerEvent: {}
[5.267810] (-) TimerEvent: {}
[5.368279] (-) TimerEvent: {}
[5.469337] (-) TimerEvent: {}
[5.571017] (-) TimerEvent: {}
[5.634453] (turtle_patrol_interface) StdoutLine: {'line': b'-- The C compiler identification is GNU 11.4.0\n'}
[5.674282] (-) TimerEvent: {}
[5.775052] (-) TimerEvent: {}
[5.876194] (-) TimerEvent: {}
[5.977101] (-) TimerEvent: {}
[6.078935] (-) TimerEvent: {}
[6.179951] (-) TimerEvent: {}
[6.236919] (turtle_patrol_interface) StdoutLine: {'line': b'-- The CXX compiler identification is GNU 11.4.0\n'}
[6.280147] (-) TimerEvent: {}
[6.378620] (turtle_patrol_interface) StdoutLine: {'line': b'-- Detecting C compiler ABI info\n'}
[6.380239] (-) TimerEvent: {}
[6.480770] (-) TimerEvent: {}
[6.581413] (-) TimerEvent: {}
[6.682027] (-) TimerEvent: {}
[6.782627] (-) TimerEvent: {}
[6.884119] (-) TimerEvent: {}
[6.985929] (-) TimerEvent: {}
[7.089555] (-) TimerEvent: {}
[7.192115] (-) TimerEvent: {}
[7.295655] (-) TimerEvent: {}
[7.396962] (-) TimerEvent: {}
[7.497544] (-) TimerEvent: {}
[7.533163] (turtle_patrol_interface) StdoutLine: {'line': b'-- Detecting C compiler ABI info - done\n'}
[7.585367] (turtle_patrol_interface) StdoutLine: {'line': b'-- Check for working C compiler: /usr/bin/cc - skipped\n'}
[7.587008] (turtle_patrol_interface) StdoutLine: {'line': b'-- Detecting C compile features\n'}
[7.591119] (turtle_patrol_interface) StdoutLine: {'line': b'-- Detecting C compile features - done\n'}
[7.597775] (-) TimerEvent: {}
[7.668392] (turtle_patrol_interface) StdoutLine: {'line': b'-- Detecting CXX compiler ABI info\n'}
[7.699242] (-) TimerEvent: {}
[7.801613] (-) TimerEvent: {}
[7.902839] (-) TimerEvent: {}
[8.004702] (-) TimerEvent: {}
[8.105538] (-) TimerEvent: {}
[8.206279] (-) TimerEvent: {}
[8.307171] (-) TimerEvent: {}
[8.408451] (-) TimerEvent: {}
[8.509098] (-) TimerEvent: {}
[8.610123] (-) TimerEvent: {}
[8.710711] (-) TimerEvent: {}
[8.812465] (-) TimerEvent: {}
[8.913235] (-) TimerEvent: {}
[8.923500] (turtle_patrol_interface) StdoutLine: {'line': b'-- Detecting CXX compiler ABI info - done\n'}
[8.965131] (turtle_patrol_interface) StdoutLine: {'line': b'-- Check for working CXX compiler: /usr/bin/c++ - skipped\n'}
[8.966320] (turtle_patrol_interface) StdoutLine: {'line': b'-- Detecting CXX compile features\n'}
[8.970907] (turtle_patrol_interface) StdoutLine: {'line': b'-- Detecting CXX compile features - done\n'}
[8.999720] (lab2_turtlesim) Command: {'cmd': ['/usr/bin/python3', '-W', 'ignore:setup.py install is deprecated', '-W', 'ignore:easy_install command is deprecated', 'setup.py', 'egg_info', '--egg-base', '../build/lab2_turtlesim', 'build', '--build-base', '/home/cc/ee106a/fa26/class/ee106a-aec/ros_workspaces/lab2/src/build/lab2_turtlesim/build', 'install', '--record', '/home/cc/ee106a/fa26/class/ee106a-aec/ros_workspaces/lab2/src/build/lab2_turtlesim/install.log', '--install-scripts', '$base/lib/lab2_turtlesim', '--single-version-externally-managed', 'install_data'], 'cwd': '/home/cc/ee106a/fa26/class/ee106a-aec/ros_workspaces/lab2/src/lab2_turtlesim', 'env': {'ARCH': 'x86_64', 'QT_SCALE_FACTOR': '1', 'USER': 'ee106a-aec', 'HOSTNAME': 'lab12', 'SSH_AGENT_PID': '2171682', 'XDG_SESSION_TYPE': 'x11', 'MASTERDIR': '/home/ff/ee106a', 'XDG_CACHE_HOME': '/home/cc/ee106a/fa26/class/ee106a-aec/.cache', 'SHLVL': '2', 'LD_LIBRARY_PATH': '/usr/lib/x86_64-linux-gnu/gazebo-11/plugins:/opt/ros/humble/opt/rviz_ogre_vendor/lib:/opt/ros/humble/lib/x86_64-linux-gnu:/opt/ros/humble/lib', 'HOME': '/home/cc/ee106a/fa26/class/ee106a-aec', 'OLDPWD': '/home/cc/ee106a/fa26/class/ee106a-aec/ros_workspaces/lab2', 'ROS_PYTHON_VERSION': '3', 'GTK_MODULES': 'appmenu-gtk-module:gail:atk-bridge', 'MANAGERPID': '2171222', 'DISTROBOX_ENTER_PATH': '/usr/local/bin/distrobox-enter', 'DBUS_STARTER_BUS_TYPE': 'session', 'SYSTEMD_EXEC_PID': '2171308', 'XRDP_PULSE_SOURCE_SOCKET': 'xrdp_chansrv_audio_in_socket_52', 'NNTPSERVER': 'news.csua.berkeley.edu', 'VISUAL': 'emacs', 'XRDP_PULSE_SINK_SOCKET': 'xrdp_chansrv_audio_out_socket_52', 'XDG_STATE_HOME': '/home/cc/ee106a/fa26/class/ee106a-aec/.local/state', 'DBUS_SESSION_BUS_ADDRESS': 'unix:path=/run/user/90971/bus,guid=52800165431ee7d7721b66096aa1f86a', 'COLORTERM': 'truecolor', 'container': 'podman', 'LIBVIRT_DEFAULT_URI': 'qemu:///system', 'UBUNTU_MENUPROXY': '1', 'PULSE_SCRIPT': '/etc/xrdp/pulse/default.pa', 'IM_CONFIG_PHASE': '1', 'COLCON_PREFIX_PATH': '/home/ff/ee106a/robot_workspaces/ur/install', 'ROS_DISTRO': 'humble', 'GTK_IM_MODULE': 'ibus', 'LOGNAME': 'ee106a-aec', 'MASTER': 'ee106a', 'WINDOWID': '69206022', 'JOURNAL_STREAM': '8:23676526', 'ROS_VERSION': '2', 'XDG_SESSION_CLASS': 'user', 'TERMINFO_DIRS': '/usr/share/terminfo:/run/host/usr/share/terminfo', 'TERM': 'xterm-256color', 'GTK_OVERLAY_SCROLLING': '0', 'ROS_LOCALHOST_ONLY': '0', 'GTK2_MODULES': 'overlay-scrollbar', 'PATH': '/opt/ros/humble/bin:/share/b/grading/bin:/home/ff/ee106a/bin:/home/ff/ee106a/bin/arch/x86_64:/share/b/grading/bin:/home/ff/ee106a/bin:/home/ff/ee106a/bin/arch/x86_64:/usr/local/sbin:/usr/local/bin:/usr/sbin:/usr/bin:/sbin:/bin:/usr/games:/usr/local/games:/snap/bin:/share/b/grading/bin:/share/b/grading/sbin:/share/b/runas/x86_64:/share/b/bin:/home/ff/ee106a/venvs/all:/usr/local/sbin:/usr/local/bin:/usr/sbin:/usr/bin:/sbin:/bin:/share/b/grading/bin:/share/b/grading/sbin:/share/b/runas/x86_64:/share/b/bin:/home/ff/ee106a/venvs/all', 'SESSION_MANAGER': 'local/derby:@/tmp/.ICE-unix/2171382,unix/derby:/tmp/.ICE-unix/2171382', 'INVOCATION_ID': '95bb76d0f0d34caa8f4be6f83d4a086b', 'OS': 'Linux', 'XRDP_SOCKET_PATH': '/run/xrdp/sockdir', 'XDG_RUNTIME_DIR': '/run/user/90971', 'DISPLAY': ':52.0', 'LANG': 'en_US.UTF-8', 'XDG_CURRENT_DESKTOP': 'MATE', 'XDG_DATA_HOME': '/home/cc/ee106a/fa26/class/ee106a-aec/.local/share', 'XDG_CONFIG_HOME': '/home/cc/ee106a/fa26/class/ee106a-aec/.config', 'XMODIFIERS': '@im=ibus', 'SSH_AUTH_SOCK': '/run/user/90971/keyring/ssh', 'AMENT_PREFIX_PATH': '/home/ff/ee106a/robot_workspaces/ur/install/ur7e_utils:/opt/ros/humble', 'UID': '90971', 'SHELL': '/usr/bin/bash', 'QT_ACCESSIBILITY': '1', 'RUNAS': '/share/b/runas/x86_64', 'XRDP_SESSION': '1', 'GPG_AGENT_INFO': '/run/user/90971/gnupg/S.gpg-agent:0:1', 'CONFIG_SHELL': '/usr/bin/ksh', 'QT_IM_MODULE': 'ibus', 'PWD': '/home/cc/ee106a/fa26/class/ee106a-aec/ros_workspaces/lab2/src/build/lab2_turtlesim', 'EE106_ENV_SETUP': 'lab12', 'CONTAINER_ID': 'lab12', 'LC_ALL': 'C.UTF-8', 'XDG_CONFIG_DIRS': '/etc/xdg', 'CLUTTER_IM_MODULE': 'ibus', 'DBUS_STARTER_ADDRESS': 'unix:path=/run/user/90971/bus,guid=52800165431ee7d7721b66096aa1f86a', 'XDG_DATA_DIRS': '/usr/share/mate:/usr/share/gnome:/home/cc/ee106a/fa26/class/ee106a-aec/.local/share/flatpak/exports/share:/var/lib/flatpak/exports/share:/usr/local/share:/usr/share:/var/lib/snapd/desktop', 'PYTHONPATH': '/home/cc/ee106a/fa26/class/ee106a-aec/ros_workspaces/lab2/src/build/lab2_turtlesim/prefix_override:/usr/lib/python3/dist-packages/colcon_core/task/python/colcon_distutils_commands:/home/cc/ee106a/fa26/class/ee106a-aec/ros_workspaces/lab2/src/install/lab2_turtlesim/lib/python3.10/site-packages:/home/ff/ee106a/robot_workspaces/ur/install/ur7e_utils/lib/python3.10/site-packages:/opt/ros/humble/lib/python3.10/site-packages:/opt/ros/humble/local/lib/python3.10/dist-packages', 'MATE_DESKTOP_SESSION_ID': 'this-is-deprecated', 'COLCON': '1', 'MANPATH': '/usr/local/man:/usr/man:/usr/X11/man:/usr/local/man:/share/b/grading/man:/usr/local/man:/usr/man:/usr/X11/man:/usr/local/man:/share/b/grading/man:', 'VTE_VERSION': '6800', 'EDITOR': 'emacs', 'QT_FONT_DPI': '96'}, 'shell': False}
[9.024326] (-) TimerEvent: {}
[9.052523] (turtle_patrol_interface) StdoutLine: {'line': b'-- Found ament_cmake: 1.3.14 (/opt/ros/humble/share/ament_cmake/cmake)\n'}
[9.124627] (-) TimerEvent: {}
[9.170727] (turtle_patrol) Command: {'cmd': ['/usr/bin/python3', '-W', 'ignore:setup.py install is deprecated', '-W', 'ignore:easy_install command is deprecated', 'setup.py', 'egg_info', '--egg-base', '../build/turtle_patrol', 'build', '--build-base', '/home/cc/ee106a/fa26/class/ee106a-aec/ros_workspaces/lab2/src/build/turtle_patrol/build', 'install', '--record', '/home/cc/ee106a/fa26/class/ee106a-aec/ros_workspaces/lab2/src/build/turtle_patrol/install.log', '--install-scripts', '$base/lib/turtle_patrol', '--single-version-externally-managed', 'install_data'], 'cwd': '/home/cc/ee106a/fa26/class/ee106a-aec/ros_workspaces/lab2/src/turtle_patrol', 'env': {'ARCH': 'x86_64', 'QT_SCALE_FACTOR': '1', 'USER': 'ee106a-aec', 'HOSTNAME': 'lab12', 'SSH_AGENT_PID': '2171682', 'XDG_SESSION_TYPE': 'x11', 'MASTERDIR': '/home/ff/ee106a', 'XDG_CACHE_HOME': '/home/cc/ee106a/fa26/class/ee106a-aec/.cache', 'SHLVL': '2', 'LD_LIBRARY_PATH': '/usr/lib/x86_64-linux-gnu/gazebo-11/plugins:/opt/ros/humble/opt/rviz_ogre_vendor/lib:/opt/ros/humble/lib/x86_64-linux-gnu:/opt/ros/humble/lib', 'HOME': '/home/cc/ee106a/fa26/class/ee106a-aec', 'OLDPWD': '/home/cc/ee106a/fa26/class/ee106a-aec/ros_workspaces/lab2', 'ROS_PYTHON_VERSION': '3', 'GTK_MODULES': 'appmenu-gtk-module:gail:atk-bridge', 'MANAGERPID': '2171222', 'DISTROBOX_ENTER_PATH': '/usr/local/bin/distrobox-enter', 'DBUS_STARTER_BUS_TYPE': 'session', 'SYSTEMD_EXEC_PID': '2171308', 'XRDP_PULSE_SOURCE_SOCKET': 'xrdp_chansrv_audio_in_socket_52', 'NNTPSERVER': 'news.csua.berkeley.edu', 'VISUAL': 'emacs', 'XRDP_PULSE_SINK_SOCKET': 'xrdp_chansrv_audio_out_socket_52', 'XDG_STATE_HOME': '/home/cc/ee106a/fa26/class/ee106a-aec/.local/state', 'DBUS_SESSION_BUS_ADDRESS': 'unix:path=/run/user/90971/bus,guid=52800165431ee7d7721b66096aa1f86a', 'COLORTERM': 'truecolor', 'container': 'podman', 'LIBVIRT_DEFAULT_URI': 'qemu:///system', 'UBUNTU_MENUPROXY': '1', 'PULSE_SCRIPT': '/etc/xrdp/pulse/default.pa', 'IM_CONFIG_PHASE': '1', 'COLCON_PREFIX_PATH': '/home/ff/ee106a/robot_workspaces/ur/install', 'ROS_DISTRO': 'humble', 'GTK_IM_MODULE': 'ibus', 'LOGNAME': 'ee106a-aec', 'MASTER': 'ee106a', 'WINDOWID': '69206022', 'JOURNAL_STREAM': '8:23676526', 'ROS_VERSION': '2', 'XDG_SESSION_CLASS': 'user', 'TERMINFO_DIRS': '/usr/share/terminfo:/run/host/usr/share/terminfo', 'TERM': 'xterm-256color', 'GTK_OVERLAY_SCROLLING': '0', 'ROS_LOCALHOST_ONLY': '0', 'GTK2_MODULES': 'overlay-scrollbar', 'PATH': '/opt/ros/humble/bin:/share/b/grading/bin:/home/ff/ee106a/bin:/home/ff/ee106a/bin/arch/x86_64:/share/b/grading/bin:/home/ff/ee106a/bin:/home/ff/ee106a/bin/arch/x86_64:/usr/local/sbin:/usr/local/bin:/usr/sbin:/usr/bin:/sbin:/bin:/usr/games:/usr/local/games:/snap/bin:/share/b/grading/bin:/share/b/grading/sbin:/share/b/runas/x86_64:/share/b/bin:/home/ff/ee106a/venvs/all:/usr/local/sbin:/usr/local/bin:/usr/sbin:/usr/bin:/sbin:/bin:/share/b/grading/bin:/share/b/grading/sbin:/share/b/runas/x86_64:/share/b/bin:/home/ff/ee106a/venvs/all', 'SESSION_MANAGER': 'local/derby:@/tmp/.ICE-unix/2171382,unix/derby:/tmp/.ICE-unix/2171382', 'INVOCATION_ID': '95bb76d0f0d34caa8f4be6f83d4a086b', 'OS': 'Linux', 'XRDP_SOCKET_PATH': '/run/xrdp/sockdir', 'XDG_RUNTIME_DIR': '/run/user/90971', 'DISPLAY': ':52.0', 'LANG': 'en_US.UTF-8', 'XDG_CURRENT_DESKTOP': 'MATE', 'XDG_DATA_HOME': '/home/cc/ee106a/fa26/class/ee106a-aec/.local/share', 'XDG_CONFIG_HOME': '/home/cc/ee106a/fa26/class/ee106a-aec/.config', 'XMODIFIERS': '@im=ibus', 'SSH_AUTH_SOCK': '/run/user/90971/keyring/ssh', 'AMENT_PREFIX_PATH': '/home/ff/ee106a/robot_workspaces/ur/install/ur7e_utils:/opt/ros/humble', 'UID': '90971', 'SHELL': '/usr/bin/bash', 'QT_ACCESSIBILITY': '1', 'RUNAS': '/share/b/runas/x86_64', 'XRDP_SESSION': '1', 'GPG_AGENT_INFO': '/run/user/90971/gnupg/S.gpg-agent:0:1', 'CONFIG_SHELL': '/usr/bin/ksh', 'QT_IM_MODULE': 'ibus', 'PWD': '/home/cc/ee106a/fa26/class/ee106a-aec/ros_workspaces/lab2/src/build/turtle_patrol', 'EE106_ENV_SETUP': 'lab12', 'CONTAINER_ID': 'lab12', 'LC_ALL': 'C.UTF-8', 'XDG_CONFIG_DIRS': '/etc/xdg', 'CLUTTER_IM_MODULE': 'ibus', 'DBUS_STARTER_ADDRESS': 'unix:path=/run/user/90971/bus,guid=52800165431ee7d7721b66096aa1f86a', 'XDG_DATA_DIRS': '/usr/share/mate:/usr/share/gnome:/home/cc/ee106a/fa26/class/ee106a-aec/.local/share/flatpak/exports/share:/var/lib/flatpak/exports/share:/usr/local/share:/usr/share:/var/lib/snapd/desktop', 'PYTHONPATH': '/home/cc/ee106a/fa26/class/ee106a-aec/ros_workspaces/lab2/src/build/turtle_patrol/prefix_override:/usr/lib/python3/dist-packages/colcon_core/task/python/colcon_distutils_commands:/home/cc/ee106a/fa26/class/ee106a-aec/ros_workspaces/lab2/src/install/turtle_patrol/lib/python3.10/site-packages:/home/ff/ee106a/robot_workspaces/ur/install/ur7e_utils/lib/python3.10/site-packages:/opt/ros/humble/lib/python3.10/site-packages:/opt/ros/humble/local/lib/python3.10/dist-packages', 'MATE_DESKTOP_SESSION_ID': 'this-is-deprecated', 'COLCON': '1', 'MANPATH': '/usr/local/man:/usr/man:/usr/X11/man:/usr/local/man:/share/b/grading/man:/usr/local/man:/usr/man:/usr/X11/man:/usr/local/man:/share/b/grading/man:', 'VTE_VERSION': '6800', 'EDITOR': 'emacs', 'QT_FONT_DPI': '96'}, 'shell': False}
[9.224859] (-) TimerEvent: {}
[9.329009] (-) TimerEvent: {}
[9.430272] (-) TimerEvent: {}
[9.532159] (-) TimerEvent: {}
[9.633922] (-) TimerEvent: {}
[9.735817] (-) TimerEvent: {}
[9.838933] (-) TimerEvent: {}
[9.939789] (-) TimerEvent: {}
[10.041636] (-) TimerEvent: {}
[10.142260] (-) TimerEvent: {}
[10.244023] (-) TimerEvent: {}
[10.345237] (-) TimerEvent: {}
[10.446418] (-) TimerEvent: {}
[10.548043] (-) TimerEvent: {}
[10.650063] (-) TimerEvent: {}
[10.682435] (turtle_patrol_interface) StdoutLine: {'line': b'-- Found Python3: /usr/bin/python3 (found version "3.10.12") found components: Interpreter \n'}
[10.750409] (-) TimerEvent: {}
[10.851406] (-) TimerEvent: {}
[10.952143] (-) TimerEvent: {}
[11.054457] (-) TimerEvent: {}
[11.155764] (-) TimerEvent: {}
[11.257488] (-) TimerEvent: {}
[11.359926] (-) TimerEvent: {}
[11.461420] (-) TimerEvent: {}
[11.497733] (lab2_turtlesim) StdoutLine: {'line': b'running egg_info\n'}
[11.500927] (lab2_turtlesim) StdoutLine: {'line': b'creating ../build/lab2_turtlesim/lab2_turtlesim.egg-info\n'}
[11.506266] (lab2_turtlesim) StdoutLine: {'line': b'writing ../build/lab2_turtlesim/lab2_turtlesim.egg-info/PKG-INFO\n'}
[11.514747] (lab2_turtlesim) StdoutLine: {'line': b'writing dependency_links to ../build/lab2_turtlesim/lab2_turtlesim.egg-info/dependency_links.txt\n'}
[11.521697] (lab2_turtlesim) StdoutLine: {'line': b'writing entry points to ../build/lab2_turtlesim/lab2_turtlesim.egg-info/entry_points.txt\n'}
[11.526169] (lab2_turtlesim) StdoutLine: {'line': b'writing requirements to ../build/lab2_turtlesim/lab2_turtlesim.egg-info/requires.txt\n'}
[11.530262] (lab2_turtlesim) StdoutLine: {'line': b'writing top-level names to ../build/lab2_turtlesim/lab2_turtlesim.egg-info/top_level.txt\n'}
[11.540002] (lab2_turtlesim) StdoutLine: {'line': b"writing manifest file '../build/lab2_turtlesim/lab2_turtlesim.egg-info/SOURCES.txt'\n"}
[11.557688] (lab2_turtlesim) StdoutLine: {'line': b"reading manifest file '../build/lab2_turtlesim/lab2_turtlesim.egg-info/SOURCES.txt'\n"}
[11.561819] (-) TimerEvent: {}
[11.564122] (lab2_turtlesim) StdoutLine: {'line': b"writing manifest file '../build/lab2_turtlesim/lab2_turtlesim.egg-info/SOURCES.txt'\n"}
[11.565716] (lab2_turtlesim) StdoutLine: {'line': b'running build\n'}
[11.566652] (lab2_turtlesim) StdoutLine: {'line': b'running build_py\n'}
[11.568524] (lab2_turtlesim) StdoutLine: {'line': b'creating /home/cc/ee106a/fa26/class/ee106a-aec/ros_workspaces/lab2/src/build/lab2_turtlesim/build\n'}
[11.571377] (lab2_turtlesim) StdoutLine: {'line': b'creating /home/cc/ee106a/fa26/class/ee106a-aec/ros_workspaces/lab2/src/build/lab2_turtlesim/build/lib\n'}
[11.574063] (lab2_turtlesim) StdoutLine: {'line': b'creating /home/cc/ee106a/fa26/class/ee106a-aec/ros_workspaces/lab2/src/build/lab2_turtlesim/build/lib/lab2_turtlesim\n'}
[11.577015] (lab2_turtlesim) StdoutLine: {'line': b'copying lab2_turtlesim/__init__.py -> /home/cc/ee106a/fa26/class/ee106a-aec/ros_workspaces/lab2/src/build/lab2_turtlesim/build/lib/lab2_turtlesim\n'}
[11.583195] (lab2_turtlesim) StdoutLine: {'line': b'copying lab2_turtlesim/turtle_controller.py -> /home/cc/ee106a/fa26/class/ee106a-aec/ros_workspaces/lab2/src/build/lab2_turtlesim/build/lib/lab2_turtlesim\n'}
[11.594212] (lab2_turtlesim) StdoutLine: {'line': b'running install\n'}
[11.594981] (lab2_turtlesim) StdoutLine: {'line': b'running install_lib\n'}
[11.603815] (lab2_turtlesim) StdoutLine: {'line': b'creating /home/cc/ee106a/fa26/class/ee106a-aec/ros_workspaces/lab2/src/install/lab2_turtlesim/lib/python3.10/site-packages/lab2_turtlesim\n'}
[11.606438] (lab2_turtlesim) StdoutLine: {'line': b'copying /home/cc/ee106a/fa26/class/ee106a-aec/ros_workspaces/lab2/src/build/lab2_turtlesim/build/lib/lab2_turtlesim/turtle_controller.py -> /home/cc/ee106a/fa26/class/ee106a-aec/ros_workspaces/lab2/src/install/lab2_turtlesim/lib/python3.10/site-packages/lab2_turtlesim\n'}
[11.616682] (lab2_turtlesim) StdoutLine: {'line': b'copying /home/cc/ee106a/fa26/class/ee106a-aec/ros_workspaces/lab2/src/build/lab2_turtlesim/build/lib/lab2_turtlesim/__init__.py -> /home/cc/ee106a/fa26/class/ee106a-aec/ros_workspaces/lab2/src/install/lab2_turtlesim/lib/python3.10/site-packages/lab2_turtlesim\n'}
[11.630216] (lab2_turtlesim) StdoutLine: {'line': b'byte-compiling /home/cc/ee106a/fa26/class/ee106a-aec/ros_workspaces/lab2/src/install/lab2_turtlesim/lib/python3.10/site-packages/lab2_turtlesim/turtle_controller.py to turtle_controller.cpython-310.pyc\n'}
[11.643262] (lab2_turtlesim) StdoutLine: {'line': b'byte-compiling /home/cc/ee106a/fa26/class/ee106a-aec/ros_workspaces/lab2/src/install/lab2_turtlesim/lib/python3.10/site-packages/lab2_turtlesim/__init__.py to __init__.cpython-310.pyc\n'}
[11.652897] (lab2_turtlesim) StdoutLine: {'line': b'running install_data\n'}
[11.655489] (lab2_turtlesim) StdoutLine: {'line': b'creating /home/cc/ee106a/fa26/class/ee106a-aec/ros_workspaces/lab2/src/install/lab2_turtlesim/share/ament_index\n'}
[11.659384] (lab2_turtlesim) StdoutLine: {'line': b'creating /home/cc/ee106a/fa26/class/ee106a-aec/ros_workspaces/lab2/src/install/lab2_turtlesim/share/ament_index/resource_index\n'}
[11.660004] (lab2_turtlesim) StdoutLine: {'line': b'creating /home/cc/ee106a/fa26/class/ee106a-aec/ros_workspaces/lab2/src/install/lab2_turtlesim/share/ament_index/resource_index/packages\n'}
[11.661858] (-) TimerEvent: {}
[11.662971] (lab2_turtlesim) StdoutLine: {'line': b'copying resource/lab2_turtlesim -> /home/cc/ee106a/fa26/class/ee106a-aec/ros_workspaces/lab2/src/install/lab2_turtlesim/share/ament_index/resource_index/packages\n'}
[11.672454] (lab2_turtlesim) StdoutLine: {'line': b'copying package.xml -> /home/cc/ee106a/fa26/class/ee106a-aec/ros_workspaces/lab2/src/install/lab2_turtlesim/share/lab2_turtlesim\n'}
[11.682033] (lab2_turtlesim) StdoutLine: {'line': b'running install_egg_info\n'}
[11.689274] (turtle_patrol_interface) StdoutLine: {'line': b'-- Found geometry_msgs: 4.9.2 (/opt/ros/humble/share/geometry_msgs/cmake)\n'}
[11.696085] (lab2_turtlesim) StdoutLine: {'line': b'Copying ../build/lab2_turtlesim/lab2_turtlesim.egg-info to /home/cc/ee106a/fa26/class/ee106a-aec/ros_workspaces/lab2/src/install/lab2_turtlesim/lib/python3.10/site-packages/lab2_turtlesim-0.0.0-py3.10.egg-info\n'}
[11.743230] (turtle_patrol) StdoutLine: {'line': b'running egg_info\n'}
[11.745917] (turtle_patrol) StdoutLine: {'line': b'creating ../build/turtle_patrol/turtle_patrol.egg-info\n'}
[11.750618] (turtle_patrol) StdoutLine: {'line': b'writing ../build/turtle_patrol/turtle_patrol.egg-info/PKG-INFO\n'}
[11.761660] (turtle_patrol) StdoutLine: {'line': b'writing dependency_links to ../build/turtle_patrol/turtle_patrol.egg-info/dependency_links.txt\n'}
[11.762991] (-) TimerEvent: {}
[11.766878] (turtle_patrol) StdoutLine: {'line': b'writing entry points to ../build/turtle_patrol/turtle_patrol.egg-info/entry_points.txt\n'}
[11.773265] (lab2_turtlesim) StdoutLine: {'line': b'running install_scripts\n'}
[11.777171] (turtle_patrol) StdoutLine: {'line': b'writing requirements to ../build/turtle_patrol/turtle_patrol.egg-info/requires.txt\n'}
[11.780175] (turtle_patrol) StdoutLine: {'line': b'writing top-level names to ../build/turtle_patrol/turtle_patrol.egg-info/top_level.txt\n'}
[11.785330] (turtle_patrol) StdoutLine: {'line': b"writing manifest file '../build/turtle_patrol/turtle_patrol.egg-info/SOURCES.txt'\n"}
[11.805290] (turtle_patrol) StdoutLine: {'line': b"reading manifest file '../build/turtle_patrol/turtle_patrol.egg-info/SOURCES.txt'\n"}
[11.812016] (turtle_patrol) StdoutLine: {'line': b"writing manifest file '../build/turtle_patrol/turtle_patrol.egg-info/SOURCES.txt'\n"}
[11.813400] (turtle_patrol) StdoutLine: {'line': b'running build\n'}
[11.813725] (turtle_patrol) StdoutLine: {'line': b'running build_py\n'}
[11.815799] (turtle_patrol) StdoutLine: {'line': b'creating /home/cc/ee106a/fa26/class/ee106a-aec/ros_workspaces/lab2/src/build/turtle_patrol/build\n'}
[11.817562] (turtle_patrol) StdoutLine: {'line': b'creating /home/cc/ee106a/fa26/class/ee106a-aec/ros_workspaces/lab2/src/build/turtle_patrol/build/lib\n'}
[11.821269] (turtle_patrol) StdoutLine: {'line': b'creating /home/cc/ee106a/fa26/class/ee106a-aec/ros_workspaces/lab2/src/build/turtle_patrol/build/lib/turtle_patrol\n'}
[11.824391] (turtle_patrol) StdoutLine: {'line': b'copying turtle_patrol/__init__.py -> /home/cc/ee106a/fa26/class/ee106a-aec/ros_workspaces/lab2/src/build/turtle_patrol/build/lib/turtle_patrol\n'}
[11.829795] (turtle_patrol) StdoutLine: {'line': b'copying turtle_patrol/patrol_server.py -> /home/cc/ee106a/fa26/class/ee106a-aec/ros_workspaces/lab2/src/build/turtle_patrol/build/lib/turtle_patrol\n'}
[11.839895] (turtle_patrol) StdoutLine: {'line': b'copying turtle_patrol/patrol_client.py -> /home/cc/ee106a/fa26/class/ee106a-aec/ros_workspaces/lab2/src/build/turtle_patrol/build/lib/turtle_patrol\n'}
[11.849788] (turtle_patrol) StdoutLine: {'line': b'running install\n'}
[11.850827] (turtle_patrol) StdoutLine: {'line': b'running install_lib\n'}
[11.862967] (turtle_patrol) StdoutLine: {'line': b'creating /home/cc/ee106a/fa26/class/ee106a-aec/ros_workspaces/lab2/src/install/turtle_patrol/lib/python3.10/site-packages/turtle_patrol\n'}
[11.863405] (-) TimerEvent: {}
[11.867202] (turtle_patrol) StdoutLine: {'line': b'copying /home/cc/ee106a/fa26/class/ee106a-aec/ros_workspaces/lab2/src/build/turtle_patrol/build/lib/turtle_patrol/patrol_client.py -> /home/cc/ee106a/fa26/class/ee106a-aec/ros_workspaces/lab2/src/install/turtle_patrol/lib/python3.10/site-packages/turtle_patrol\n'}
[11.876682] (turtle_patrol) StdoutLine: {'line': b'copying /home/cc/ee106a/fa26/class/ee106a-aec/ros_workspaces/lab2/src/build/turtle_patrol/build/lib/turtle_patrol/patrol_server.py -> /home/cc/ee106a/fa26/class/ee106a-aec/ros_workspaces/lab2/src/install/turtle_patrol/lib/python3.10/site-packages/turtle_patrol\n'}
[11.884056] (turtle_patrol) StdoutLine: {'line': b'copying /home/cc/ee106a/fa26/class/ee106a-aec/ros_workspaces/lab2/src/build/turtle_patrol/build/lib/turtle_patrol/__init__.py -> /home/cc/ee106a/fa26/class/ee106a-aec/ros_workspaces/lab2/src/install/turtle_patrol/lib/python3.10/site-packages/turtle_patrol\n'}
[11.888928] (lab2_turtlesim) StdoutLine: {'line': b'Installing turtle_controller script to /home/cc/ee106a/fa26/class/ee106a-aec/ros_workspaces/lab2/src/install/lab2_turtlesim/lib/lab2_turtlesim\n'}
[11.895436] (turtle_patrol) StdoutLine: {'line': b'byte-compiling /home/cc/ee106a/fa26/class/ee106a-aec/ros_workspaces/lab2/src/install/turtle_patrol/lib/python3.10/site-packages/turtle_patrol/patrol_client.py to patrol_client.cpython-310.pyc\n'}
[11.897876] (lab2_turtlesim) StdoutLine: {'line': b"writing list of installed files to '/home/cc/ee106a/fa26/class/ee106a-aec/ros_workspaces/lab2/src/build/lab2_turtlesim/install.log'\n"}
[11.914194] (turtle_patrol) StdoutLine: {'line': b'byte-compiling /home/cc/ee106a/fa26/class/ee106a-aec/ros_workspaces/lab2/src/install/turtle_patrol/lib/python3.10/site-packages/turtle_patrol/patrol_server.py to patrol_server.cpython-310.pyc\n'}
[11.925709] (turtle_patrol) StdoutLine: {'line': b'byte-compiling /home/cc/ee106a/fa26/class/ee106a-aec/ros_workspaces/lab2/src/install/turtle_patrol/lib/python3.10/site-packages/turtle_patrol/__init__.py to __init__.cpython-310.pyc\n'}
[11.937082] (turtle_patrol) StdoutLine: {'line': b'running install_data\n'}
[11.941629] (turtle_patrol) StdoutLine: {'line': b'creating /home/cc/ee106a/fa26/class/ee106a-aec/ros_workspaces/lab2/src/install/turtle_patrol/share/ament_index\n'}
[11.943530] (turtle_patrol) StdoutLine: {'line': b'creating /home/cc/ee106a/fa26/class/ee106a-aec/ros_workspaces/lab2/src/install/turtle_patrol/share/ament_index/resource_index\n'}
[11.947284] (turtle_patrol) StdoutLine: {'line': b'creating /home/cc/ee106a/fa26/class/ee106a-aec/ros_workspaces/lab2/src/install/turtle_patrol/share/ament_index/resource_index/packages\n'}
[11.950830] (turtle_patrol) StdoutLine: {'line': b'copying resource/turtle_patrol -> /home/cc/ee106a/fa26/class/ee106a-aec/ros_workspaces/lab2/src/install/turtle_patrol/share/ament_index/resource_index/packages\n'}
[11.962384] (turtle_patrol) StdoutLine: {'line': b'copying package.xml -> /home/cc/ee106a/fa26/class/ee106a-aec/ros_workspaces/lab2/src/install/turtle_patrol/share/turtle_patrol\n'}
[11.964487] (-) TimerEvent: {}
[11.967942] (turtle_patrol) StdoutLine: {'line': b'running install_egg_info\n'}
[11.986099] (turtle_patrol) StdoutLine: {'line': b'Copying ../build/turtle_patrol/turtle_patrol.egg-info to /home/cc/ee106a/fa26/class/ee106a-aec/ros_workspaces/lab2/src/install/turtle_patrol/lib/python3.10/site-packages/turtle_patrol-0.0.0-py3.10.egg-info\n'}
[11.992955] (lab2_turtlesim) CommandEnded: {'returncode': 0}
[11.995178] (turtle_patrol_interface) StdoutLine: {'line': b'-- Found rosidl_generator_c: 3.1.9 (/opt/ros/humble/share/rosidl_generator_c/cmake)\n'}
[12.037808] (turtle_patrol_interface) StdoutLine: {'line': b'-- Found rosidl_adapter: 3.1.9 (/opt/ros/humble/share/rosidl_adapter/cmake)\n'}
[12.064826] (-) TimerEvent: {}
[12.065482] (turtle_patrol) StdoutLine: {'line': b'running install_scripts\n'}
[12.103845] (turtle_patrol_interface) StdoutLine: {'line': b'-- Found rosidl_generator_cpp: 3.1.9 (/opt/ros/humble/share/rosidl_generator_cpp/cmake)\n'}
[12.152105] (lab2_turtlesim) JobEnded: {'identifier': 'lab2_turtlesim', 'rc': 0}
[12.163709] (turtle_patrol) StdoutLine: {'line': b'Installing patrol_client script to /home/cc/ee106a/fa26/class/ee106a-aec/ros_workspaces/lab2/src/install/turtle_patrol/lib/turtle_patrol\n'}
[12.164842] (-) TimerEvent: {}
[12.174992] (turtle_patrol) StdoutLine: {'line': b'Installing patrol_client_sol script to /home/cc/ee106a/fa26/class/ee106a-aec/ros_workspaces/lab2/src/install/turtle_patrol/lib/turtle_patrol\n'}
[12.181181] (turtle_patrol) StdoutLine: {'line': b'Installing patrol_server script to /home/cc/ee106a/fa26/class/ee106a-aec/ros_workspaces/lab2/src/install/turtle_patrol/lib/turtle_patrol\n'}
[12.190402] (turtle_patrol) StdoutLine: {'line': b'Installing patrol_server_sol script to /home/cc/ee106a/fa26/class/ee106a-aec/ros_workspaces/lab2/src/install/turtle_patrol/lib/turtle_patrol\n'}
[12.197699] (turtle_patrol) StdoutLine: {'line': b"writing list of installed files to '/home/cc/ee106a/fa26/class/ee106a-aec/ros_workspaces/lab2/src/build/turtle_patrol/install.log'\n"}
[12.212124] (turtle_patrol_interface) StdoutLine: {'line': b'-- Using all available rosidl_typesupport_c: rosidl_typesupport_fastrtps_c;rosidl_typesupport_introspection_c\n'}
[12.265550] (-) TimerEvent: {}
[12.292013] (turtle_patrol) CommandEnded: {'returncode': 0}
[12.354307] (turtle_patrol_interface) StdoutLine: {'line': b'-- Using all available rosidl_typesupport_cpp: rosidl_typesupport_fastrtps_cpp;rosidl_typesupport_introspection_cpp\n'}
[12.365792] (-) TimerEvent: {}
[12.413617] (turtle_patrol) JobEnded: {'identifier': 'turtle_patrol', 'rc': 0}
[12.465985] (-) TimerEvent: {}
[12.566628] (-) TimerEvent: {}
[12.642039] (turtle_patrol_interface) StdoutLine: {'line': b'-- Found rosidl_default_generators: 1.2.1 (/opt/ros/humble/share/rosidl_default_generators/cmake)\n'}
[12.666757] (-) TimerEvent: {}
[12.767715] (-) TimerEvent: {}
[12.868872] (-) TimerEvent: {}
[12.970030] (-) TimerEvent: {}
[13.072211] (-) TimerEvent: {}
[13.173003] (-) TimerEvent: {}
[13.274156] (-) TimerEvent: {}
[13.374968] (-) TimerEvent: {}
[13.475676] (-) TimerEvent: {}
[13.576327] (-) TimerEvent: {}
[13.677344] (-) TimerEvent: {}
[13.779256] (-) TimerEvent: {}
[13.880686] (-) TimerEvent: {}
[13.981300] (-) TimerEvent: {}
[14.082033] (-) TimerEvent: {}
[14.182646] (-) TimerEvent: {}
[14.283327] (-) TimerEvent: {}
[14.383933] (-) TimerEvent: {}
[14.484547] (-) TimerEvent: {}
[14.585195] (-) TimerEvent: {}
[14.686747] (-) TimerEvent: {}
[14.789041] (-) TimerEvent: {}
[14.889760] (-) TimerEvent: {}
[14.990452] (-) TimerEvent: {}
[15.026898] (turtle_patrol_interface) StdoutLine: {'line': b'-- Found ament_cmake_ros: 0.10.0 (/opt/ros/humble/share/ament_cmake_ros/cmake)\n'}
[15.090766] (-) TimerEvent: {}
[15.191505] (-) TimerEvent: {}
[15.292170] (-) TimerEvent: {}
[15.393029] (-) TimerEvent: {}
[15.493665] (-) TimerEvent: {}
[15.594295] (-) TimerEvent: {}
[15.696363] (-) TimerEvent: {}
[15.797062] (-) TimerEvent: {}
[15.897744] (-) TimerEvent: {}
[15.998841] (-) TimerEvent: {}
[16.099517] (-) TimerEvent: {}
[16.200152] (-) TimerEvent: {}
[16.301906] (-) TimerEvent: {}
[16.402643] (-) TimerEvent: {}
[16.503783] (-) TimerEvent: {}
[16.604512] (-) TimerEvent: {}
[16.705307] (-) TimerEvent: {}
[16.806092] (-) TimerEvent: {}
[16.907092] (-) TimerEvent: {}
[17.007989] (-) TimerEvent: {}
[17.109149] (-) TimerEvent: {}
[17.209870] (-) TimerEvent: {}
[17.310706] (-) TimerEvent: {}
[17.411265] (-) TimerEvent: {}
[17.512444] (-) TimerEvent: {}
[17.613088] (-) TimerEvent: {}
[17.714003] (-) TimerEvent: {}
[17.814704] (-) TimerEvent: {}
[17.917693] (-) TimerEvent: {}
[18.018250] (-) TimerEvent: {}
[18.119196] (-) TimerEvent: {}
[18.221769] (-) TimerEvent: {}
[18.324185] (-) TimerEvent: {}
[18.424785] (-) TimerEvent: {}
[18.525491] (-) TimerEvent: {}
[18.627186] (-) TimerEvent: {}
[18.727928] (-) TimerEvent: {}
[18.828680] (-) TimerEvent: {}
[18.929400] (-) TimerEvent: {}
[19.030399] (-) TimerEvent: {}
[19.131291] (-) TimerEvent: {}
[19.232011] (-) TimerEvent: {}
[19.332710] (-) TimerEvent: {}
[19.433753] (-) TimerEvent: {}
[19.534416] (-) TimerEvent: {}
[19.635937] (-) TimerEvent: {}
[19.737082] (-) TimerEvent: {}
[19.839906] (-) TimerEvent: {}
[19.940802] (-) TimerEvent: {}
[19.994625] (turtle_patrol_interface) StdoutLine: {'line': b'-- Using all available rosidl_typesupport_c: rosidl_typesupport_fastrtps_c;rosidl_typesupport_introspection_c\n'}
[20.040978] (-) TimerEvent: {}
[20.141628] (-) TimerEvent: {}
[20.242300] (-) TimerEvent: {}
[20.343392] (-) TimerEvent: {}
[20.444069] (-) TimerEvent: {}
[20.544693] (-) TimerEvent: {}
[20.645265] (-) TimerEvent: {}
[20.746118] (-) TimerEvent: {}
[20.848761] (-) TimerEvent: {}
[20.949392] (-) TimerEvent: {}
[21.050166] (-) TimerEvent: {}
[21.150789] (-) TimerEvent: {}
[21.252487] (-) TimerEvent: {}
[21.354736] (-) TimerEvent: {}
[21.455475] (-) TimerEvent: {}
[21.556165] (-) TimerEvent: {}
[21.657105] (-) TimerEvent: {}
[21.757829] (-) TimerEvent: {}
[21.849551] (turtle_patrol_interface) StdoutLine: {'line': b'-- Using all available rosidl_typesupport_cpp: rosidl_typesupport_fastrtps_cpp;rosidl_typesupport_introspection_cpp\n'}
[21.858684] (-) TimerEvent: {}
[21.959332] (-) TimerEvent: {}
[22.048717] (turtle_patrol_interface) StdoutLine: {'line': b'-- Found PythonInterp: /usr/bin/python3 (found suitable version "3.10.12", minimum required is "3.6") \n'}
[22.059519] (-) TimerEvent: {}
[22.063893] (turtle_patrol_interface) StdoutLine: {'line': b'-- Found python_cmake_module: 0.10.0 (/opt/ros/humble/share/python_cmake_module/cmake)\n'}
[22.159746] (-) TimerEvent: {}
[22.260345] (-) TimerEvent: {}
[22.266862] (turtle_patrol_interface) StdoutLine: {'line': b'-- Found PythonLibs: /usr/lib/x86_64-linux-gnu/libpython3.10.so (found suitable version "3.10.12", minimum required is "3.5") \n'}
[22.267658] (turtle_patrol_interface) StdoutLine: {'line': b'-- Using PYTHON_EXECUTABLE: /usr/bin/python3\n'}
[22.268864] (turtle_patrol_interface) StdoutLine: {'line': b'-- Using PYTHON_INCLUDE_DIRS: /usr/include/python3.10\n'}
[22.270828] (turtle_patrol_interface) StdoutLine: {'line': b'-- Using PYTHON_LIBRARIES: /usr/lib/x86_64-linux-gnu/libpython3.10.so\n'}
[22.360512] (-) TimerEvent: {}
[22.432944] (turtle_patrol_interface) StdoutLine: {'line': b'-- Found PythonExtra: .so  \n'}
[22.460736] (-) TimerEvent: {}
[22.561317] (-) TimerEvent: {}
[22.661991] (-) TimerEvent: {}
[22.762752] (-) TimerEvent: {}
[22.864762] (-) TimerEvent: {}
[22.965369] (-) TimerEvent: {}
[23.066829] (-) TimerEvent: {}
[23.167479] (-) TimerEvent: {}
[23.271336] (-) TimerEvent: {}
[23.373553] (-) TimerEvent: {}
[23.476517] (-) TimerEvent: {}
[23.577266] (-) TimerEvent: {}
[23.678009] (-) TimerEvent: {}
[23.778738] (-) TimerEvent: {}
[23.879674] (-) TimerEvent: {}
[23.980397] (-) TimerEvent: {}
[24.081434] (-) TimerEvent: {}
[24.182149] (-) TimerEvent: {}
[24.222835] (turtle_patrol_interface) StdoutLine: {'line': b'-- Found ament_lint_auto: 0.12.15 (/opt/ros/humble/share/ament_lint_auto/cmake)\n'}
[24.282356] (-) TimerEvent: {}
[24.383088] (-) TimerEvent: {}
[24.483798] (-) TimerEvent: {}
[24.584665] (-) TimerEvent: {}
[24.686349] (-) TimerEvent: {}
[24.787390] (-) TimerEvent: {}
[24.888351] (-) TimerEvent: {}
[24.936248] (turtle_patrol_interface) StdoutLine: {'line': b"-- Added test 'lint_cmake' to check CMake code style\n"}
[24.963549] (turtle_patrol_interface) StdoutLine: {'line': b"-- Added test 'xmllint' to check XML markup files\n"}
[24.988651] (-) TimerEvent: {}
[25.089873] (-) TimerEvent: {}
[25.181802] (turtle_patrol_interface) StdoutLine: {'line': b'-- Configuring done\n'}
[25.190089] (-) TimerEvent: {}
[25.290760] (-) TimerEvent: {}
[25.391413] (-) TimerEvent: {}
[25.492142] (-) TimerEvent: {}
[25.592700] (-) TimerEvent: {}
[25.693243] (-) TimerEvent: {}
[25.793941] (-) TimerEvent: {}
[25.894809] (-) TimerEvent: {}
[25.995375] (-) TimerEvent: {}
[26.096046] (-) TimerEvent: {}
[26.196736] (-) TimerEvent: {}
[26.297358] (-) TimerEvent: {}
[26.398093] (-) TimerEvent: {}
[26.499506] (-) TimerEvent: {}
[26.600219] (-) TimerEvent: {}
[26.700939] (-) TimerEvent: {}
[26.801704] (-) TimerEvent: {}
[26.902687] (-) TimerEvent: {}
[27.001008] (turtle_patrol_interface) StdoutLine: {'line': b'-- Generating done\n'}
[27.002783] (-) TimerEvent: {}
[27.104007] (-) TimerEvent: {}
[27.204734] (-) TimerEvent: {}
[27.305351] (-) TimerEvent: {}
[27.402994] (turtle_patrol_interface) StdoutLine: {'line': b'-- Build files have been written to: /home/cc/ee106a/fa26/class/ee106a-aec/ros_workspaces/lab2/src/build/turtle_patrol_interface\n'}
[27.405504] (-) TimerEvent: {}
[27.428634] (turtle_patrol_interface) CommandEnded: {'returncode': 0}
[27.430899] (turtle_patrol_interface) JobProgress: {'identifier': 'turtle_patrol_interface', 'progress': 'build'}
[27.439974] (turtle_patrol_interface) Command: {'cmd': ['/usr/bin/cmake', '--build', '/home/cc/ee106a/fa26/class/ee106a-aec/ros_workspaces/lab2/src/build/turtle_patrol_interface', '--', '-j24', '-l24'], 'cwd': '/home/cc/ee106a/fa26/class/ee106a-aec/ros_workspaces/lab2/src/build/turtle_patrol_interface', 'env': OrderedDict([('ARCH', 'x86_64'), ('QT_SCALE_FACTOR', '1'), ('USER', 'ee106a-aec'), ('HOSTNAME', 'lab12'), ('SSH_AGENT_PID', '2171682'), ('XDG_SESSION_TYPE', 'x11'), ('MASTERDIR', '/home/ff/ee106a'), ('XDG_CACHE_HOME', '/home/cc/ee106a/fa26/class/ee106a-aec/.cache'), ('SHLVL', '2'), ('LD_LIBRARY_PATH', '/usr/lib/x86_64-linux-gnu/gazebo-11/plugins:/opt/ros/humble/opt/rviz_ogre_vendor/lib:/opt/ros/humble/lib/x86_64-linux-gnu:/opt/ros/humble/lib'), ('HOME', '/home/cc/ee106a/fa26/class/ee106a-aec'), ('OLDPWD', '/home/cc/ee106a/fa26/class/ee106a-aec/ros_workspaces/lab2'), ('ROS_PYTHON_VERSION', '3'), ('GTK_MODULES', 'appmenu-gtk-module:gail:atk-bridge'), ('MANAGERPID', '2171222'), ('DISTROBOX_ENTER_PATH', '/usr/local/bin/distrobox-enter'), ('DBUS_STARTER_BUS_TYPE', 'session'), ('SYSTEMD_EXEC_PID', '2171308'), ('XRDP_PULSE_SOURCE_SOCKET', 'xrdp_chansrv_audio_in_socket_52'), ('NNTPSERVER', 'news.csua.berkeley.edu'), ('VISUAL', 'emacs'), ('XRDP_PULSE_SINK_SOCKET', 'xrdp_chansrv_audio_out_socket_52'), ('XDG_STATE_HOME', '/home/cc/ee106a/fa26/class/ee106a-aec/.local/state'), ('DBUS_SESSION_BUS_ADDRESS', 'unix:path=/run/user/90971/bus,guid=52800165431ee7d7721b66096aa1f86a'), ('COLORTERM', 'truecolor'), ('container', 'podman'), ('LIBVIRT_DEFAULT_URI', 'qemu:///system'), ('UBUNTU_MENUPROXY', '1'), ('PULSE_SCRIPT', '/etc/xrdp/pulse/default.pa'), ('IM_CONFIG_PHASE', '1'), ('COLCON_PREFIX_PATH', '/home/ff/ee106a/robot_workspaces/ur/install'), ('ROS_DISTRO', 'humble'), ('GTK_IM_MODULE', 'ibus'), ('LOGNAME', 'ee106a-aec'), ('MASTER', 'ee106a'), ('WINDOWID', '69206022'), ('JOURNAL_STREAM', '8:23676526'), ('ROS_VERSION', '2'), ('XDG_SESSION_CLASS', 'user'), ('TERMINFO_DIRS', '/usr/share/terminfo:/run/host/usr/share/terminfo'), ('TERM', 'xterm-256color'), ('GTK_OVERLAY_SCROLLING', '0'), ('ROS_LOCALHOST_ONLY', '0'), ('GTK2_MODULES', 'overlay-scrollbar'), ('PATH', '/opt/ros/humble/bin:/share/b/grading/bin:/home/ff/ee106a/bin:/home/ff/ee106a/bin/arch/x86_64:/share/b/grading/bin:/home/ff/ee106a/bin:/home/ff/ee106a/bin/arch/x86_64:/usr/local/sbin:/usr/local/bin:/usr/sbin:/usr/bin:/sbin:/bin:/usr/games:/usr/local/games:/snap/bin:/share/b/grading/bin:/share/b/grading/sbin:/share/b/runas/x86_64:/share/b/bin:/home/ff/ee106a/venvs/all:/usr/local/sbin:/usr/local/bin:/usr/sbin:/usr/bin:/sbin:/bin:/share/b/grading/bin:/share/b/grading/sbin:/share/b/runas/x86_64:/share/b/bin:/home/ff/ee106a/venvs/all'), ('SESSION_MANAGER', 'local/derby:@/tmp/.ICE-unix/2171382,unix/derby:/tmp/.ICE-unix/2171382'), ('INVOCATION_ID', '95bb76d0f0d34caa8f4be6f83d4a086b'), ('OS', 'Linux'), ('XRDP_SOCKET_PATH', '/run/xrdp/sockdir'), ('XDG_RUNTIME_DIR', '/run/user/90971'), ('DISPLAY', ':52.0'), ('LANG', 'en_US.UTF-8'), ('XDG_CURRENT_DESKTOP', 'MATE'), ('XDG_DATA_HOME', '/home/cc/ee106a/fa26/class/ee106a-aec/.local/share'), ('XDG_CONFIG_HOME', '/home/cc/ee106a/fa26/class/ee106a-aec/.config'), ('XMODIFIERS', '@im=ibus'), ('SSH_AUTH_SOCK', '/run/user/90971/keyring/ssh'), ('AMENT_PREFIX_PATH', '/home/ff/ee106a/robot_workspaces/ur/install/ur7e_utils:/opt/ros/humble'), ('UID', '90971'), ('SHELL', '/usr/bin/bash'), ('QT_ACCESSIBILITY', '1'), ('RUNAS', '/share/b/runas/x86_64'), ('XRDP_SESSION', '1'), ('GPG_AGENT_INFO', '/run/user/90971/gnupg/S.gpg-agent:0:1'), ('CONFIG_SHELL', '/usr/bin/ksh'), ('QT_IM_MODULE', 'ibus'), ('PWD', '/home/cc/ee106a/fa26/class/ee106a-aec/ros_workspaces/lab2/src/build/turtle_patrol_interface'), ('EE106_ENV_SETUP', 'lab12'), ('CONTAINER_ID', 'lab12'), ('LC_ALL', 'C.UTF-8'), ('XDG_CONFIG_DIRS', '/etc/xdg'), ('CLUTTER_IM_MODULE', 'ibus'), ('DBUS_STARTER_ADDRESS', 'unix:path=/run/user/90971/bus,guid=52800165431ee7d7721b66096aa1f86a'), ('XDG_DATA_DIRS', '/usr/share/mate:/usr/share/gnome:/home/cc/ee106a/fa26/class/ee106a-aec/.local/share/flatpak/exports/share:/var/lib/flatpak/exports/share:/usr/local/share:/usr/share:/var/lib/snapd/desktop'), ('PYTHONPATH', '/home/ff/ee106a/robot_workspaces/ur/install/ur7e_utils/lib/python3.10/site-packages:/opt/ros/humble/lib/python3.10/site-packages:/opt/ros/humble/local/lib/python3.10/dist-packages'), ('MATE_DESKTOP_SESSION_ID', 'this-is-deprecated'), ('COLCON', '1'), ('MANPATH', '/usr/local/man:/usr/man:/usr/X11/man:/usr/local/man:/share/b/grading/man:/usr/local/man:/usr/man:/usr/X11/man:/usr/local/man:/share/b/grading/man:'), ('VTE_VERSION', '6800'), ('EDITOR', 'emacs'), ('QT_FONT_DPI', '96'), ('CMAKE_PREFIX_PATH', '/home/ff/ee106a/robot_workspaces/ur/install/ur7e_utils:/opt/ros/humble')]), 'shell': False}
[27.505740] (-) TimerEvent: {}
[27.606347] (-) TimerEvent: {}
[27.707041] (-) TimerEvent: {}
[27.807756] (-) TimerEvent: {}
[27.908745] (-) TimerEvent: {}
[28.009386] (-) TimerEvent: {}
[28.016117] (turtle_patrol_interface) StdoutLine: {'line': b'[  3%] \x1b[34m\x1b[1mGenerating C code for ROS interfaces\x1b[0m\n'}
[28.109666] (-) TimerEvent: {}
[28.189737] (turtle_patrol_interface) StdoutLine: {'line': b'[  6%] \x1b[34m\x1b[1mGenerating Rust code for ROS interfaces\x1b[0m\n'}
[28.210043] (-) TimerEvent: {}
[28.211908] (turtle_patrol_interface) StdoutLine: {'line': b'[  9%] \x1b[34m\x1b[1mGenerating C++ code for ROS interfaces\x1b[0m\n'}
[28.310227] (-) TimerEvent: {}
[28.354818] (turtle_patrol_interface) StdoutLine: {'line': b'[  9%] Built target ament_cmake_python_copy_turtle_patrol_interface\n'}
[28.410426] (-) TimerEvent: {}
[28.513832] (-) TimerEvent: {}
[28.614403] (-) TimerEvent: {}
[28.715095] (-) TimerEvent: {}
[28.816004] (-) TimerEvent: {}
[28.916777] (-) TimerEvent: {}
[29.017525] (-) TimerEvent: {}
[29.118365] (-) TimerEvent: {}
[29.219312] (-) TimerEvent: {}
[29.320111] (-) TimerEvent: {}
[29.420860] (-) TimerEvent: {}
[29.521711] (-) TimerEvent: {}
[29.622226] (-) TimerEvent: {}
[29.722919] (-) TimerEvent: {}
[29.729875] (turtle_patrol_interface) StdoutLine: {'line': b'[  9%] Built target turtle_patrol_interface__rs\n'}
[29.806735] (turtle_patrol_interface) StdoutLine: {'line': b'[  9%] Built target turtle_patrol_interface__cpp\n'}
[29.823129] (-) TimerEvent: {}
[29.921543] (turtle_patrol_interface) StdoutLine: {'line': b'[ 12%] \x1b[32mBuilding C object CMakeFiles/turtle_patrol_interface__rosidl_generator_c.dir/rosidl_generator_c/turtle_patrol_interface/srv/detail/patrol__functions.c.o\x1b[0m\n'}
[29.923328] (-) TimerEvent: {}
[30.024540] (-) TimerEvent: {}
[30.064308] (turtle_patrol_interface) StdoutLine: {'line': b'[ 21%] \x1b[34m\x1b[1mGenerating C++ introspection for ROS interfaces\x1b[0m\n'}
[30.065252] (turtle_patrol_interface) StdoutLine: {'line': b'[ 21%] \x1b[34m\x1b[1mGenerating C++ type support for eProsima Fast-RTPS\x1b[0m\n'}
[30.067463] (turtle_patrol_interface) StdoutLine: {'line': b'[ 21%] \x1b[34m\x1b[1mGenerating C++ type support dispatch for ROS interfaces\x1b[0m\n'}
[30.124887] (-) TimerEvent: {}
[30.225897] (-) TimerEvent: {}
[30.327167] (-) TimerEvent: {}
[30.428440] (-) TimerEvent: {}
[30.519424] (turtle_patrol_interface) StdoutLine: {'line': b'[ 25%] \x1b[32m\x1b[1mLinking C shared library libturtle_patrol_interface__rosidl_generator_c.so\x1b[0m\n'}
[30.528687] (-) TimerEvent: {}
[30.629364] (-) TimerEvent: {}
[30.730227] (-) TimerEvent: {}
[30.831203] (-) TimerEvent: {}
[30.931866] (-) TimerEvent: {}
[30.962965] (turtle_patrol_interface) StdoutLine: {'line': b'[ 25%] Built target turtle_patrol_interface__rosidl_generator_c\n'}
[31.032756] (-) TimerEvent: {}
[31.133989] (-) TimerEvent: {}
[31.228067] (turtle_patrol_interface) StdoutLine: {'line': b'[ 28%] \x1b[34m\x1b[1mGenerating C type support for eProsima Fast-RTPS\x1b[0m\n'}
[31.234175] (-) TimerEvent: {}
[31.243075] (turtle_patrol_interface) StdoutLine: {'line': b'[ 34%] \x1b[34m\x1b[1mGenerating C introspection for ROS interfaces\x1b[0m\n'}
[31.243695] (turtle_patrol_interface) StdoutLine: {'line': b'[ 34%] \x1b[34m\x1b[1mGenerating C type support dispatch for ROS interfaces\x1b[0m\n'}
[31.334398] (-) TimerEvent: {}
[31.435144] (-) TimerEvent: {}
[31.536170] (-) TimerEvent: {}
[31.638045] (-) TimerEvent: {}
[31.668457] (turtle_patrol_interface) StdoutLine: {'line': b'running egg_info\n'}
[31.674911] (turtle_patrol_interface) StdoutLine: {'line': b'creating turtle_patrol_interface.egg-info\n'}
[31.678017] (turtle_patrol_interface) StdoutLine: {'line': b'writing turtle_patrol_interface.egg-info/PKG-INFO\n'}
[31.682833] (turtle_patrol_interface) StdoutLine: {'line': b'writing dependency_links to turtle_patrol_interface.egg-info/dependency_links.txt\n'}
[31.693852] (turtle_patrol_interface) StdoutLine: {'line': b'[ 37%] \x1b[32mBuilding CXX object CMakeFiles/turtle_patrol_interface__rosidl_typesupport_cpp.dir/rosidl_typesupport_cpp/turtle_patrol_interface/srv/patrol__type_support.cpp.o\x1b[0m\n'}
[31.695283] (turtle_patrol_interface) StdoutLine: {'line': b'writing top-level names to turtle_patrol_interface.egg-info/top_level.txt\n'}
[31.700478] (turtle_patrol_interface) StdoutLine: {'line': b"writing manifest file 'turtle_patrol_interface.egg-info/SOURCES.txt'\n"}
[31.730146] (turtle_patrol_interface) StdoutLine: {'line': b"reading manifest file 'turtle_patrol_interface.egg-info/SOURCES.txt'\n"}
[31.732957] (turtle_patrol_interface) StdoutLine: {'line': b"writing manifest file 'turtle_patrol_interface.egg-info/SOURCES.txt'\n"}
[31.738935] (-) TimerEvent: {}
[31.839660] (-) TimerEvent: {}
[31.900947] (turtle_patrol_interface) StdoutLine: {'line': b'[ 40%] \x1b[32mBuilding CXX object CMakeFiles/turtle_patrol_interface__rosidl_typesupport_introspection_cpp.dir/rosidl_typesupport_introspection_cpp/turtle_patrol_interface/srv/detail/patrol__type_support.cpp.o\x1b[0m\n'}
[31.939807] (-) TimerEvent: {}
[32.040429] (-) TimerEvent: {}
[32.083173] (turtle_patrol_interface) StdoutLine: {'line': b'[ 40%] Built target ament_cmake_python_build_turtle_patrol_interface_egg\n'}
[32.140743] (-) TimerEvent: {}
[32.146034] (turtle_patrol_interface) StdoutLine: {'line': b'[ 43%] \x1b[32mBuilding CXX object CMakeFiles/turtle_patrol_interface__rosidl_typesupport_fastrtps_cpp.dir/rosidl_typesupport_fastrtps_cpp/turtle_patrol_interface/srv/detail/dds_fastrtps/patrol__type_support.cpp.o\x1b[0m\n'}
[32.240924] (-) TimerEvent: {}
[32.343106] (-) TimerEvent: {}
[32.443747] (-) TimerEvent: {}
[32.544694] (-) TimerEvent: {}
[32.645274] (-) TimerEvent: {}
[32.746021] (-) TimerEvent: {}
[32.846717] (-) TimerEvent: {}
[32.947553] (-) TimerEvent: {}
[33.048367] (-) TimerEvent: {}
[33.100149] (turtle_patrol_interface) StdoutLine: {'line': b'[ 46%] \x1b[32mBuilding CXX object CMakeFiles/turtle_patrol_interface__rosidl_typesupport_c.dir/rosidl_typesupport_c/turtle_patrol_interface/srv/patrol__type_support.cpp.o\x1b[0m\n'}
[33.148562] (-) TimerEvent: {}
[33.249346] (-) TimerEvent: {}
[33.278095] (turtle_patrol_interface) StdoutLine: {'line': b'[ 50%] \x1b[32mBuilding C object CMakeFiles/turtle_patrol_interface__rosidl_typesupport_introspection_c.dir/rosidl_typesupport_introspection_c/turtle_patrol_interface/srv/detail/patrol__type_support.c.o\x1b[0m\n'}
[33.334638] (turtle_patrol_interface) StdoutLine: {'line': b'[ 53%] \x1b[32mBuilding CXX object CMakeFiles/turtle_patrol_interface__rosidl_typesupport_fastrtps_c.dir/rosidl_typesupport_fastrtps_c/turtle_patrol_interface/srv/detail/patrol__type_support_c.cpp.o\x1b[0m\n'}
[33.349528] (-) TimerEvent: {}
[33.438955] (turtle_patrol_interface) StdoutLine: {'line': b'[ 56%] \x1b[32m\x1b[1mLinking CXX shared library libturtle_patrol_interface__rosidl_typesupport_cpp.so\x1b[0m\n'}
[33.450227] (-) TimerEvent: {}
[33.550974] (-) TimerEvent: {}
[33.613994] (turtle_patrol_interface) StdoutLine: {'line': b'[ 59%] \x1b[32m\x1b[1mLinking CXX shared library libturtle_patrol_interface__rosidl_typesupport_c.so\x1b[0m\n'}
[33.652325] (-) TimerEvent: {}
[33.753349] (-) TimerEvent: {}
[33.856503] (-) TimerEvent: {}
[33.958158] (-) TimerEvent: {}
[33.991694] (turtle_patrol_interface) StdoutLine: {'line': b'[ 62%] \x1b[32m\x1b[1mLinking C shared library libturtle_patrol_interface__rosidl_typesupport_introspection_c.so\x1b[0m\n'}
[34.058332] (-) TimerEvent: {}
[34.132558] (turtle_patrol_interface) StdoutLine: {'line': b'[ 65%] \x1b[32m\x1b[1mLinking CXX shared library libturtle_patrol_interface__rosidl_typesupport_introspection_cpp.so\x1b[0m\n'}
[34.158537] (-) TimerEvent: {}
[34.259322] (-) TimerEvent: {}
[34.280207] (turtle_patrol_interface) StdoutLine: {'line': b'[ 65%] Built target turtle_patrol_interface__rosidl_typesupport_cpp\n'}
[34.359515] (-) TimerEvent: {}
[34.377049] (turtle_patrol_interface) StdoutLine: {'line': b'[ 68%] \x1b[32m\x1b[1mLinking CXX shared library libturtle_patrol_interface__rosidl_typesupport_fastrtps_cpp.so\x1b[0m\n'}
[34.430764] (turtle_patrol_interface) StdoutLine: {'line': b'[ 68%] Built target turtle_patrol_interface__rosidl_typesupport_c\n'}
[34.459770] (-) TimerEvent: {}
[34.560386] (-) TimerEvent: {}
[34.625015] (turtle_patrol_interface) StdoutLine: {'line': b'[ 68%] Built target turtle_patrol_interface__rosidl_typesupport_introspection_c\n'}
[34.660718] (-) TimerEvent: {}
[34.761364] (-) TimerEvent: {}
[34.819718] (turtle_patrol_interface) StdoutLine: {'line': b'[ 68%] Built target turtle_patrol_interface__rosidl_typesupport_introspection_cpp\n'}
[34.862291] (-) TimerEvent: {}
[34.963253] (-) TimerEvent: {}
[34.999414] (turtle_patrol_interface) StdoutLine: {'line': b'[ 68%] Built target turtle_patrol_interface__rosidl_typesupport_fastrtps_cpp\n'}
[35.063512] (-) TimerEvent: {}
[35.164341] (-) TimerEvent: {}
[35.265174] (-) TimerEvent: {}
[35.365730] (-) TimerEvent: {}
[35.395513] (turtle_patrol_interface) StdoutLine: {'line': b'[ 71%] \x1b[32m\x1b[1mLinking CXX shared library libturtle_patrol_interface__rosidl_typesupport_fastrtps_c.so\x1b[0m\n'}
[35.466112] (-) TimerEvent: {}
[35.566756] (-) TimerEvent: {}
[35.667459] (-) TimerEvent: {}
[35.768213] (-) TimerEvent: {}
[35.869043] (-) TimerEvent: {}
[35.898852] (turtle_patrol_interface) StdoutLine: {'line': b'[ 71%] Built target turtle_patrol_interface__rosidl_typesupport_fastrtps_c\n'}
[35.969335] (-) TimerEvent: {}
[36.070743] (-) TimerEvent: {}
[36.128141] (turtle_patrol_interface) StdoutLine: {'line': b'[ 71%] Built target turtle_patrol_interface\n'}
[36.170962] (-) TimerEvent: {}
[36.271737] (-) TimerEvent: {}
[36.372393] (-) TimerEvent: {}
[36.381759] (turtle_patrol_interface) StdoutLine: {'line': b'[ 75%] \x1b[34m\x1b[1mGenerating Python code for ROS interfaces\x1b[0m\n'}
[36.472721] (-) TimerEvent: {}
[36.573462] (-) TimerEvent: {}
[36.675122] (-) TimerEvent: {}
[36.775879] (-) TimerEvent: {}
[36.877296] (-) TimerEvent: {}
[36.978234] (-) TimerEvent: {}
[37.078742] (-) TimerEvent: {}
[37.179295] (-) TimerEvent: {}
[37.279919] (-) TimerEvent: {}
[37.380494] (-) TimerEvent: {}
[37.481177] (-) TimerEvent: {}
[37.582070] (-) TimerEvent: {}
[37.682786] (-) TimerEvent: {}
[37.783431] (-) TimerEvent: {}
[37.884366] (-) TimerEvent: {}
[37.986326] (-) TimerEvent: {}
[38.087186] (-) TimerEvent: {}
[38.188093] (-) TimerEvent: {}
[38.263392] (turtle_patrol_interface) StdoutLine: {'line': b'[ 75%] Built target turtle_patrol_interface__py\n'}
[38.288765] (-) TimerEvent: {}
[38.392830] (-) TimerEvent: {}
[38.493740] (-) TimerEvent: {}
[38.549232] (turtle_patrol_interface) StdoutLine: {'line': b'[ 78%] \x1b[32mBuilding C object CMakeFiles/turtle_patrol_interface__rosidl_generator_py.dir/rosidl_generator_py/turtle_patrol_interface/srv/_patrol_s.c.o\x1b[0m\n'}
[38.594262] (-) TimerEvent: {}
[38.695988] (-) TimerEvent: {}
[38.796780] (-) TimerEvent: {}
[38.897760] (-) TimerEvent: {}
[38.998721] (-) TimerEvent: {}
[39.099472] (-) TimerEvent: {}
[39.200727] (-) TimerEvent: {}
[39.301519] (-) TimerEvent: {}
[39.339338] (turtle_patrol_interface) StdoutLine: {'line': b'[ 81%] \x1b[32m\x1b[1mLinking C shared library rosidl_generator_py/turtle_patrol_interface/libturtle_patrol_interface__rosidl_generator_py.so\x1b[0m\n'}
[39.401739] (-) TimerEvent: {}
[39.503123] (-) TimerEvent: {}
[39.603955] (-) TimerEvent: {}
[39.705341] (-) TimerEvent: {}
[39.790399] (turtle_patrol_interface) StdoutLine: {'line': b'[ 81%] Built target turtle_patrol_interface__rosidl_generator_py\n'}
[39.805812] (-) TimerEvent: {}
[39.906690] (-) TimerEvent: {}
[40.007677] (-) TimerEvent: {}
[40.061190] (turtle_patrol_interface) StdoutLine: {'line': b'[ 84%] \x1b[32mBuilding C object CMakeFiles/turtle_patrol_interface__rosidl_typesupport_fastrtps_c__pyext.dir/rosidl_generator_py/turtle_patrol_interface/_turtle_patrol_interface_s.ep.rosidl_typesupport_fastrtps_c.c.o\x1b[0m\n'}
[40.107790] (-) TimerEvent: {}
[40.208397] (-) TimerEvent: {}
[40.309087] (-) TimerEvent: {}
[40.409924] (-) TimerEvent: {}
[40.510849] (-) TimerEvent: {}
[40.611706] (-) TimerEvent: {}
[40.712274] (-) TimerEvent: {}
[40.814097] (-) TimerEvent: {}
[40.861097] (turtle_patrol_interface) StdoutLine: {'line': b'[ 87%] \x1b[32m\x1b[1mLinking C shared library rosidl_generator_py/turtle_patrol_interface/turtle_patrol_interface_s__rosidl_typesupport_fastrtps_c.cpython-310-x86_64-linux-gnu.so\x1b[0m\n'}
[40.914519] (-) TimerEvent: {}
[41.016666] (-) TimerEvent: {}
[41.119005] (-) TimerEvent: {}
[41.220124] (-) TimerEvent: {}
[41.322796] (-) TimerEvent: {}
[41.368193] (turtle_patrol_interface) StdoutLine: {'line': b'[ 87%] Built target turtle_patrol_interface__rosidl_typesupport_fastrtps_c__pyext\n'}
[41.423305] (-) TimerEvent: {}
[41.525050] (-) TimerEvent: {}
[41.625667] (-) TimerEvent: {}
[41.693826] (turtle_patrol_interface) StdoutLine: {'line': b'[ 90%] \x1b[32mBuilding C object CMakeFiles/turtle_patrol_interface__rosidl_typesupport_c__pyext.dir/rosidl_generator_py/turtle_patrol_interface/_turtle_patrol_interface_s.ep.rosidl_typesupport_c.c.o\x1b[0m\n'}
[41.725920] (-) TimerEvent: {}
[41.826685] (-) TimerEvent: {}
[41.927254] (-) TimerEvent: {}
[42.028439] (-) TimerEvent: {}
[42.129179] (-) TimerEvent: {}
[42.230088] (-) TimerEvent: {}
[42.330908] (-) TimerEvent: {}
[42.431462] (-) TimerEvent: {}
[42.450280] (turtle_patrol_interface) StdoutLine: {'line': b'[ 93%] \x1b[32m\x1b[1mLinking C shared library rosidl_generator_py/turtle_patrol_interface/turtle_patrol_interface_s__rosidl_typesupport_c.cpython-310-x86_64-linux-gnu.so\x1b[0m\n'}
[42.531669] (-) TimerEvent: {}
[42.632287] (-) TimerEvent: {}
[42.732912] (-) TimerEvent: {}
[42.833724] (-) TimerEvent: {}
[42.895617] (turtle_patrol_interface) StdoutLine: {'line': b'[ 93%] Built target turtle_patrol_interface__rosidl_typesupport_c__pyext\n'}
[42.933989] (-) TimerEvent: {}
[43.034996] (-) TimerEvent: {}
[43.136033] (-) TimerEvent: {}
[43.164552] (turtle_patrol_interface) StdoutLine: {'line': b'[ 96%] \x1b[32mBuilding C object CMakeFiles/turtle_patrol_interface__rosidl_typesupport_introspection_c__pyext.dir/rosidl_generator_py/turtle_patrol_interface/_turtle_patrol_interface_s.ep.rosidl_typesupport_introspection_c.c.o\x1b[0m\n'}
[43.236799] (-) TimerEvent: {}
[43.337799] (-) TimerEvent: {}
[43.438776] (-) TimerEvent: {}
[43.540276] (-) TimerEvent: {}
[43.640952] (-) TimerEvent: {}
[43.741863] (-) TimerEvent: {}
[43.842510] (-) TimerEvent: {}
[43.867886] (turtle_patrol_interface) StdoutLine: {'line': b'[100%] \x1b[32m\x1b[1mLinking C shared library rosidl_generator_py/turtle_patrol_interface/turtle_patrol_interface_s__rosidl_typesupport_introspection_c.cpython-310-x86_64-linux-gnu.so\x1b[0m\n'}
[43.942705] (-) TimerEvent: {}
[44.043308] (-) TimerEvent: {}
[44.144201] (-) TimerEvent: {}
[44.244714] (-) TimerEvent: {}
[44.246372] (turtle_patrol_interface) StdoutLine: {'line': b'[100%] Built target turtle_patrol_interface__rosidl_typesupport_introspection_c__pyext\n'}
[44.344878] (-) TimerEvent: {}
[44.423243] (turtle_patrol_interface) CommandEnded: {'returncode': 0}
[44.427238] (turtle_patrol_interface) JobProgress: {'identifier': 'turtle_patrol_interface', 'progress': 'install'}
[44.445151] (-) TimerEvent: {}
[44.522242] (turtle_patrol_interface) Command: {'cmd': ['/usr/bin/cmake', '--install', '/home/cc/ee106a/fa26/class/ee106a-aec/ros_workspaces/lab2/src/build/turtle_patrol_interface'], 'cwd': '/home/cc/ee106a/fa26/class/ee106a-aec/ros_workspaces/lab2/src/build/turtle_patrol_interface', 'env': OrderedDict([('ARCH', 'x86_64'), ('QT_SCALE_FACTOR', '1'), ('USER', 'ee106a-aec'), ('HOSTNAME', 'lab12'), ('SSH_AGENT_PID', '2171682'), ('XDG_SESSION_TYPE', 'x11'), ('MASTERDIR', '/home/ff/ee106a'), ('XDG_CACHE_HOME', '/home/cc/ee106a/fa26/class/ee106a-aec/.cache'), ('SHLVL', '2'), ('LD_LIBRARY_PATH', '/usr/lib/x86_64-linux-gnu/gazebo-11/plugins:/opt/ros/humble/opt/rviz_ogre_vendor/lib:/opt/ros/humble/lib/x86_64-linux-gnu:/opt/ros/humble/lib'), ('HOME', '/home/cc/ee106a/fa26/class/ee106a-aec'), ('OLDPWD', '/home/cc/ee106a/fa26/class/ee106a-aec/ros_workspaces/lab2'), ('ROS_PYTHON_VERSION', '3'), ('GTK_MODULES', 'appmenu-gtk-module:gail:atk-bridge'), ('MANAGERPID', '2171222'), ('DISTROBOX_ENTER_PATH', '/usr/local/bin/distrobox-enter'), ('DBUS_STARTER_BUS_TYPE', 'session'), ('SYSTEMD_EXEC_PID', '2171308'), ('XRDP_PULSE_SOURCE_SOCKET', 'xrdp_chansrv_audio_in_socket_52'), ('NNTPSERVER', 'news.csua.berkeley.edu'), ('VISUAL', 'emacs'), ('XRDP_PULSE_SINK_SOCKET', 'xrdp_chansrv_audio_out_socket_52'), ('XDG_STATE_HOME', '/home/cc/ee106a/fa26/class/ee106a-aec/.local/state'), ('DBUS_SESSION_BUS_ADDRESS', 'unix:path=/run/user/90971/bus,guid=52800165431ee7d7721b66096aa1f86a'), ('COLORTERM', 'truecolor'), ('container', 'podman'), ('LIBVIRT_DEFAULT_URI', 'qemu:///system'), ('UBUNTU_MENUPROXY', '1'), ('PULSE_SCRIPT', '/etc/xrdp/pulse/default.pa'), ('IM_CONFIG_PHASE', '1'), ('COLCON_PREFIX_PATH', '/home/ff/ee106a/robot_workspaces/ur/install'), ('ROS_DISTRO', 'humble'), ('GTK_IM_MODULE', 'ibus'), ('LOGNAME', 'ee106a-aec'), ('MASTER', 'ee106a'), ('WINDOWID', '69206022'), ('JOURNAL_STREAM', '8:23676526'), ('ROS_VERSION', '2'), ('XDG_SESSION_CLASS', 'user'), ('TERMINFO_DIRS', '/usr/share/terminfo:/run/host/usr/share/terminfo'), ('TERM', 'xterm-256color'), ('GTK_OVERLAY_SCROLLING', '0'), ('ROS_LOCALHOST_ONLY', '0'), ('GTK2_MODULES', 'overlay-scrollbar'), ('PATH', '/opt/ros/humble/bin:/share/b/grading/bin:/home/ff/ee106a/bin:/home/ff/ee106a/bin/arch/x86_64:/share/b/grading/bin:/home/ff/ee106a/bin:/home/ff/ee106a/bin/arch/x86_64:/usr/local/sbin:/usr/local/bin:/usr/sbin:/usr/bin:/sbin:/bin:/usr/games:/usr/local/games:/snap/bin:/share/b/grading/bin:/share/b/grading/sbin:/share/b/runas/x86_64:/share/b/bin:/home/ff/ee106a/venvs/all:/usr/local/sbin:/usr/local/bin:/usr/sbin:/usr/bin:/sbin:/bin:/share/b/grading/bin:/share/b/grading/sbin:/share/b/runas/x86_64:/share/b/bin:/home/ff/ee106a/venvs/all'), ('SESSION_MANAGER', 'local/derby:@/tmp/.ICE-unix/2171382,unix/derby:/tmp/.ICE-unix/2171382'), ('INVOCATION_ID', '95bb76d0f0d34caa8f4be6f83d4a086b'), ('OS', 'Linux'), ('XRDP_SOCKET_PATH', '/run/xrdp/sockdir'), ('XDG_RUNTIME_DIR', '/run/user/90971'), ('DISPLAY', ':52.0'), ('LANG', 'en_US.UTF-8'), ('XDG_CURRENT_DESKTOP', 'MATE'), ('XDG_DATA_HOME', '/home/cc/ee106a/fa26/class/ee106a-aec/.local/share'), ('XDG_CONFIG_HOME', '/home/cc/ee106a/fa26/class/ee106a-aec/.config'), ('XMODIFIERS', '@im=ibus'), ('SSH_AUTH_SOCK', '/run/user/90971/keyring/ssh'), ('AMENT_PREFIX_PATH', '/home/ff/ee106a/robot_workspaces/ur/install/ur7e_utils:/opt/ros/humble'), ('UID', '90971'), ('SHELL', '/usr/bin/bash'), ('QT_ACCESSIBILITY', '1'), ('RUNAS', '/share/b/runas/x86_64'), ('XRDP_SESSION', '1'), ('GPG_AGENT_INFO', '/run/user/90971/gnupg/S.gpg-agent:0:1'), ('CONFIG_SHELL', '/usr/bin/ksh'), ('QT_IM_MODULE', 'ibus'), ('PWD', '/home/cc/ee106a/fa26/class/ee106a-aec/ros_workspaces/lab2/src/build/turtle_patrol_interface'), ('EE106_ENV_SETUP', 'lab12'), ('CONTAINER_ID', 'lab12'), ('LC_ALL', 'C.UTF-8'), ('XDG_CONFIG_DIRS', '/etc/xdg'), ('CLUTTER_IM_MODULE', 'ibus'), ('DBUS_STARTER_ADDRESS', 'unix:path=/run/user/90971/bus,guid=52800165431ee7d7721b66096aa1f86a'), ('XDG_DATA_DIRS', '/usr/share/mate:/usr/share/gnome:/home/cc/ee106a/fa26/class/ee106a-aec/.local/share/flatpak/exports/share:/var/lib/flatpak/exports/share:/usr/local/share:/usr/share:/var/lib/snapd/desktop'), ('PYTHONPATH', '/home/ff/ee106a/robot_workspaces/ur/install/ur7e_utils/lib/python3.10/site-packages:/opt/ros/humble/lib/python3.10/site-packages:/opt/ros/humble/local/lib/python3.10/dist-packages'), ('MATE_DESKTOP_SESSION_ID', 'this-is-deprecated'), ('COLCON', '1'), ('MANPATH', '/usr/local/man:/usr/man:/usr/X11/man:/usr/local/man:/share/b/grading/man:/usr/local/man:/usr/man:/usr/X11/man:/usr/local/man:/share/b/grading/man:'), ('VTE_VERSION', '6800'), ('EDITOR', 'emacs'), ('QT_FONT_DPI', '96'), ('CMAKE_PREFIX_PATH', '/home/ff/ee106a/robot_workspaces/ur/install/ur7e_utils:/opt/ros/humble')]), 'shell': False}
[44.545356] (-) TimerEvent: {}
[44.601199] (turtle_patrol_interface) StdoutLine: {'line': b'-- Install configuration: ""\n'}
[44.619854] (turtle_patrol_interface) StdoutLine: {'line': b'-- Installing: /home/cc/ee106a/fa26/class/ee106a-aec/ros_workspaces/lab2/src/install/turtle_patrol_interface/share/ament_index/resource_index/rosidl_interfaces/turtle_patrol_interface\n'}
[44.629470] (turtle_patrol_interface) StdoutLine: {'line': b'-- Installing: /home/cc/ee106a/fa26/class/ee106a-aec/ros_workspaces/lab2/src/install/turtle_patrol_interface/include/turtle_patrol_interface/turtle_patrol_interface\n'}
[44.642596] (turtle_patrol_interface) StdoutLine: {'line': b'-- Installing: /home/cc/ee106a/fa26/class/ee106a-aec/ros_workspaces/lab2/src/install/turtle_patrol_interface/include/turtle_patrol_interface/turtle_patrol_interface/srv\n'}
[44.645474] (-) TimerEvent: {}
[44.656275] (turtle_patrol_interface) StdoutLine: {'line': b'-- Installing: /home/cc/ee106a/fa26/class/ee106a-aec/ros_workspaces/lab2/src/install/turtle_patrol_interface/include/turtle_patrol_interface/turtle_patrol_interface/srv/detail\n'}
[44.669490] (turtle_patrol_interface) StdoutLine: {'line': b'-- Installing: /home/cc/ee106a/fa26/class/ee106a-aec/ros_workspaces/lab2/src/install/turtle_patrol_interface/include/turtle_patrol_interface/turtle_patrol_interface/srv/detail/patrol__struct.h\n'}
[44.679146] (turtle_patrol_interface) StdoutLine: {'line': b'-- Installing: /home/cc/ee106a/fa26/class/ee106a-aec/ros_workspaces/lab2/src/install/turtle_patrol_interface/include/turtle_patrol_interface/turtle_patrol_interface/srv/detail/patrol__functions.h\n'}
[44.691002] (turtle_patrol_interface) StdoutLine: {'line': b'-- Installing: /home/cc/ee106a/fa26/class/ee106a-aec/ros_workspaces/lab2/src/install/turtle_patrol_interface/include/turtle_patrol_interface/turtle_patrol_interface/srv/detail/patrol__type_support.h\n'}
[44.703624] (turtle_patrol_interface) StdoutLine: {'line': b'-- Installing: /home/cc/ee106a/fa26/class/ee106a-aec/ros_workspaces/lab2/src/install/turtle_patrol_interface/include/turtle_patrol_interface/turtle_patrol_interface/srv/detail/patrol__functions.c\n'}
[44.714970] (turtle_patrol_interface) StdoutLine: {'line': b'-- Installing: /home/cc/ee106a/fa26/class/ee106a-aec/ros_workspaces/lab2/src/install/turtle_patrol_interface/include/turtle_patrol_interface/turtle_patrol_interface/srv/patrol.h\n'}
[44.727644] (turtle_patrol_interface) StdoutLine: {'line': b'-- Installing: /home/cc/ee106a/fa26/class/ee106a-aec/ros_workspaces/lab2/src/install/turtle_patrol_interface/include/turtle_patrol_interface/turtle_patrol_interface/msg\n'}
[44.742911] (turtle_patrol_interface) StdoutLine: {'line': b'-- Installing: /home/cc/ee106a/fa26/class/ee106a-aec/ros_workspaces/lab2/src/install/turtle_patrol_interface/include/turtle_patrol_interface/turtle_patrol_interface/msg/rosidl_generator_c__visibility_control.h\n'}
[44.745656] (-) TimerEvent: {}
[44.765547] (turtle_patrol_interface) StdoutLine: {'line': b'-- Installing: /home/cc/ee106a/fa26/class/ee106a-aec/ros_workspaces/lab2/src/install/turtle_patrol_interface/share/turtle_patrol_interface/environment/library_path.sh\n'}
[44.783304] (turtle_patrol_interface) StdoutLine: {'line': b'-- Installing: /home/cc/ee106a/fa26/class/ee106a-aec/ros_workspaces/lab2/src/install/turtle_patrol_interface/share/turtle_patrol_interface/environment/library_path.dsv\n'}
[44.804816] (turtle_patrol_interface) StdoutLine: {'line': b'-- Installing: /home/cc/ee106a/fa26/class/ee106a-aec/ros_workspaces/lab2/src/install/turtle_patrol_interface/lib/libturtle_patrol_interface__rosidl_generator_c.so\n'}
[44.825969] (turtle_patrol_interface) StdoutLine: {'line': b'-- Set runtime path of "/home/cc/ee106a/fa26/class/ee106a-aec/ros_workspaces/lab2/src/install/turtle_patrol_interface/lib/libturtle_patrol_interface__rosidl_generator_c.so" to ""\n'}
[44.828899] (turtle_patrol_interface) StdoutLine: {'line': b'-- Up-to-date: /home/cc/ee106a/fa26/class/ee106a-aec/ros_workspaces/lab2/src/install/turtle_patrol_interface/include/turtle_patrol_interface/turtle_patrol_interface\n'}
[44.832994] (turtle_patrol_interface) StdoutLine: {'line': b'-- Up-to-date: /home/cc/ee106a/fa26/class/ee106a-aec/ros_workspaces/lab2/src/install/turtle_patrol_interface/include/turtle_patrol_interface/turtle_patrol_interface/srv\n'}
[44.839964] (turtle_patrol_interface) StdoutLine: {'line': b'-- Up-to-date: /home/cc/ee106a/fa26/class/ee106a-aec/ros_workspaces/lab2/src/install/turtle_patrol_interface/include/turtle_patrol_interface/turtle_patrol_interface/srv/detail\n'}
[44.843944] (turtle_patrol_interface) StdoutLine: {'line': b'-- Installing: /home/cc/ee106a/fa26/class/ee106a-aec/ros_workspaces/lab2/src/install/turtle_patrol_interface/include/turtle_patrol_interface/turtle_patrol_interface/srv/detail/patrol__rosidl_typesupport_fastrtps_c.h\n'}
[44.845780] (-) TimerEvent: {}
[44.858768] (turtle_patrol_interface) StdoutLine: {'line': b'-- Up-to-date: /home/cc/ee106a/fa26/class/ee106a-aec/ros_workspaces/lab2/src/install/turtle_patrol_interface/include/turtle_patrol_interface/turtle_patrol_interface/msg\n'}
[44.863128] (turtle_patrol_interface) StdoutLine: {'line': b'-- Installing: /home/cc/ee106a/fa26/class/ee106a-aec/ros_workspaces/lab2/src/install/turtle_patrol_interface/include/turtle_patrol_interface/turtle_patrol_interface/msg/rosidl_typesupport_fastrtps_c__visibility_control.h\n'}
[44.874930] (turtle_patrol_interface) StdoutLine: {'line': b'-- Installing: /home/cc/ee106a/fa26/class/ee106a-aec/ros_workspaces/lab2/src/install/turtle_patrol_interface/lib/libturtle_patrol_interface__rosidl_typesupport_fastrtps_c.so\n'}
[44.892208] (turtle_patrol_interface) StdoutLine: {'line': b'-- Set runtime path of "/home/cc/ee106a/fa26/class/ee106a-aec/ros_workspaces/lab2/src/install/turtle_patrol_interface/lib/libturtle_patrol_interface__rosidl_typesupport_fastrtps_c.so" to ""\n'}
[44.893655] (turtle_patrol_interface) StdoutLine: {'line': b'-- Up-to-date: /home/cc/ee106a/fa26/class/ee106a-aec/ros_workspaces/lab2/src/install/turtle_patrol_interface/include/turtle_patrol_interface/turtle_patrol_interface\n'}
[44.896835] (turtle_patrol_interface) StdoutLine: {'line': b'-- Up-to-date: /home/cc/ee106a/fa26/class/ee106a-aec/ros_workspaces/lab2/src/install/turtle_patrol_interface/include/turtle_patrol_interface/turtle_patrol_interface/srv\n'}
[44.899849] (turtle_patrol_interface) StdoutLine: {'line': b'-- Up-to-date: /home/cc/ee106a/fa26/class/ee106a-aec/ros_workspaces/lab2/src/install/turtle_patrol_interface/include/turtle_patrol_interface/turtle_patrol_interface/srv/detail\n'}
[44.904919] (turtle_patrol_interface) StdoutLine: {'line': b'-- Installing: /home/cc/ee106a/fa26/class/ee106a-aec/ros_workspaces/lab2/src/install/turtle_patrol_interface/include/turtle_patrol_interface/turtle_patrol_interface/srv/detail/patrol__struct.hpp\n'}
[44.913364] (turtle_patrol_interface) StdoutLine: {'line': b'-- Installing: /home/cc/ee106a/fa26/class/ee106a-aec/ros_workspaces/lab2/src/install/turtle_patrol_interface/include/turtle_patrol_interface/turtle_patrol_interface/srv/detail/patrol__traits.hpp\n'}
[44.923295] (turtle_patrol_interface) StdoutLine: {'line': b'-- Installing: /home/cc/ee106a/fa26/class/ee106a-aec/ros_workspaces/lab2/src/install/turtle_patrol_interface/include/turtle_patrol_interface/turtle_patrol_interface/srv/detail/patrol__builder.hpp\n'}
[44.932136] (turtle_patrol_interface) StdoutLine: {'line': b'-- Installing: /home/cc/ee106a/fa26/class/ee106a-aec/ros_workspaces/lab2/src/install/turtle_patrol_interface/include/turtle_patrol_interface/turtle_patrol_interface/srv/detail/patrol__type_support.hpp\n'}
[44.942099] (turtle_patrol_interface) StdoutLine: {'line': b'-- Installing: /home/cc/ee106a/fa26/class/ee106a-aec/ros_workspaces/lab2/src/install/turtle_patrol_interface/include/turtle_patrol_interface/turtle_patrol_interface/srv/patrol.hpp\n'}
[44.945932] (-) TimerEvent: {}
[44.951334] (turtle_patrol_interface) StdoutLine: {'line': b'-- Up-to-date: /home/cc/ee106a/fa26/class/ee106a-aec/ros_workspaces/lab2/src/install/turtle_patrol_interface/include/turtle_patrol_interface/turtle_patrol_interface/msg\n'}
[44.954544] (turtle_patrol_interface) StdoutLine: {'line': b'-- Installing: /home/cc/ee106a/fa26/class/ee106a-aec/ros_workspaces/lab2/src/install/turtle_patrol_interface/include/turtle_patrol_interface/turtle_patrol_interface/msg/rosidl_generator_cpp__visibility_control.hpp\n'}
[44.964409] (turtle_patrol_interface) StdoutLine: {'line': b'-- Up-to-date: /home/cc/ee106a/fa26/class/ee106a-aec/ros_workspaces/lab2/src/install/turtle_patrol_interface/include/turtle_patrol_interface/turtle_patrol_interface\n'}
[44.969483] (turtle_patrol_interface) StdoutLine: {'line': b'-- Up-to-date: /home/cc/ee106a/fa26/class/ee106a-aec/ros_workspaces/lab2/src/install/turtle_patrol_interface/include/turtle_patrol_interface/turtle_patrol_interface/msg\n'}
[44.971319] (turtle_patrol_interface) StdoutLine: {'line': b'-- Installing: /home/cc/ee106a/fa26/class/ee106a-aec/ros_workspaces/lab2/src/install/turtle_patrol_interface/include/turtle_patrol_interface/turtle_patrol_interface/msg/rosidl_typesupport_fastrtps_cpp__visibility_control.h\n'}
[44.980799] (turtle_patrol_interface) StdoutLine: {'line': b'-- Up-to-date: /home/cc/ee106a/fa26/class/ee106a-aec/ros_workspaces/lab2/src/install/turtle_patrol_interface/include/turtle_patrol_interface/turtle_patrol_interface/srv\n'}
[44.983189] (turtle_patrol_interface) StdoutLine: {'line': b'-- Up-to-date: /home/cc/ee106a/fa26/class/ee106a-aec/ros_workspaces/lab2/src/install/turtle_patrol_interface/include/turtle_patrol_interface/turtle_patrol_interface/srv/detail\n'}
[44.987413] (turtle_patrol_interface) StdoutLine: {'line': b'-- Installing: /home/cc/ee106a/fa26/class/ee106a-aec/ros_workspaces/lab2/src/install/turtle_patrol_interface/include/turtle_patrol_interface/turtle_patrol_interface/srv/detail/patrol__rosidl_typesupport_fastrtps_cpp.hpp\n'}
[44.997022] (turtle_patrol_interface) StdoutLine: {'line': b'-- Installing: /home/cc/ee106a/fa26/class/ee106a-aec/ros_workspaces/lab2/src/install/turtle_patrol_interface/include/turtle_patrol_interface/turtle_patrol_interface/srv/detail/dds_fastrtps\n'}
[45.010227] (turtle_patrol_interface) StdoutLine: {'line': b'-- Installing: /home/cc/ee106a/fa26/class/ee106a-aec/ros_workspaces/lab2/src/install/turtle_patrol_interface/lib/libturtle_patrol_interface__rosidl_typesupport_fastrtps_cpp.so\n'}
[45.029980] (turtle_patrol_interface) StdoutLine: {'line': b'-- Set runtime path of "/home/cc/ee106a/fa26/class/ee106a-aec/ros_workspaces/lab2/src/install/turtle_patrol_interface/lib/libturtle_patrol_interface__rosidl_typesupport_fastrtps_cpp.so" to ""\n'}
[45.031921] (turtle_patrol_interface) StdoutLine: {'line': b'-- Up-to-date: /home/cc/ee106a/fa26/class/ee106a-aec/ros_workspaces/lab2/src/install/turtle_patrol_interface/include/turtle_patrol_interface/turtle_patrol_interface\n'}
[45.037112] (turtle_patrol_interface) StdoutLine: {'line': b'-- Up-to-date: /home/cc/ee106a/fa26/class/ee106a-aec/ros_workspaces/lab2/src/install/turtle_patrol_interface/include/turtle_patrol_interface/turtle_patrol_interface/msg\n'}
[45.038980] (turtle_patrol_interface) StdoutLine: {'line': b'-- Installing: /home/cc/ee106a/fa26/class/ee106a-aec/ros_workspaces/lab2/src/install/turtle_patrol_interface/include/turtle_patrol_interface/turtle_patrol_interface/msg/rosidl_typesupport_introspection_c__visibility_control.h\n'}
[45.046232] (-) TimerEvent: {}
[45.048547] (turtle_patrol_interface) StdoutLine: {'line': b'-- Up-to-date: /home/cc/ee106a/fa26/class/ee106a-aec/ros_workspaces/lab2/src/install/turtle_patrol_interface/include/turtle_patrol_interface/turtle_patrol_interface/srv\n'}
[45.053522] (turtle_patrol_interface) StdoutLine: {'line': b'-- Up-to-date: /home/cc/ee106a/fa26/class/ee106a-aec/ros_workspaces/lab2/src/install/turtle_patrol_interface/include/turtle_patrol_interface/turtle_patrol_interface/srv/detail\n'}
[45.057714] (turtle_patrol_interface) StdoutLine: {'line': b'-- Installing: /home/cc/ee106a/fa26/class/ee106a-aec/ros_workspaces/lab2/src/install/turtle_patrol_interface/include/turtle_patrol_interface/turtle_patrol_interface/srv/detail/patrol__rosidl_typesupport_introspection_c.h\n'}
[45.070129] (turtle_patrol_interface) StdoutLine: {'line': b'-- Installing: /home/cc/ee106a/fa26/class/ee106a-aec/ros_workspaces/lab2/src/install/turtle_patrol_interface/include/turtle_patrol_interface/turtle_patrol_interface/srv/detail/patrol__type_support.c\n'}
[45.081737] (turtle_patrol_interface) StdoutLine: {'line': b'-- Installing: /home/cc/ee106a/fa26/class/ee106a-aec/ros_workspaces/lab2/src/install/turtle_patrol_interface/lib/libturtle_patrol_interface__rosidl_typesupport_introspection_c.so\n'}
[45.097493] (turtle_patrol_interface) StdoutLine: {'line': b'-- Set runtime path of "/home/cc/ee106a/fa26/class/ee106a-aec/ros_workspaces/lab2/src/install/turtle_patrol_interface/lib/libturtle_patrol_interface__rosidl_typesupport_introspection_c.so" to ""\n'}
[45.100545] (turtle_patrol_interface) StdoutLine: {'line': b'-- Installing: /home/cc/ee106a/fa26/class/ee106a-aec/ros_workspaces/lab2/src/install/turtle_patrol_interface/lib/libturtle_patrol_interface__rosidl_typesupport_c.so\n'}
[45.114732] (turtle_patrol_interface) StdoutLine: {'line': b'-- Set runtime path of "/home/cc/ee106a/fa26/class/ee106a-aec/ros_workspaces/lab2/src/install/turtle_patrol_interface/lib/libturtle_patrol_interface__rosidl_typesupport_c.so" to ""\n'}
[45.116870] (turtle_patrol_interface) StdoutLine: {'line': b'-- Up-to-date: /home/cc/ee106a/fa26/class/ee106a-aec/ros_workspaces/lab2/src/install/turtle_patrol_interface/include/turtle_patrol_interface/turtle_patrol_interface\n'}
[45.121372] (turtle_patrol_interface) StdoutLine: {'line': b'-- Up-to-date: /home/cc/ee106a/fa26/class/ee106a-aec/ros_workspaces/lab2/src/install/turtle_patrol_interface/include/turtle_patrol_interface/turtle_patrol_interface/srv\n'}
[45.124347] (turtle_patrol_interface) StdoutLine: {'line': b'-- Up-to-date: /home/cc/ee106a/fa26/class/ee106a-aec/ros_workspaces/lab2/src/install/turtle_patrol_interface/include/turtle_patrol_interface/turtle_patrol_interface/srv/detail\n'}
[45.127642] (turtle_patrol_interface) StdoutLine: {'line': b'-- Installing: /home/cc/ee106a/fa26/class/ee106a-aec/ros_workspaces/lab2/src/install/turtle_patrol_interface/include/turtle_patrol_interface/turtle_patrol_interface/srv/detail/patrol__type_support.cpp\n'}
[45.141483] (turtle_patrol_interface) StdoutLine: {'line': b'-- Installing: /home/cc/ee106a/fa26/class/ee106a-aec/ros_workspaces/lab2/src/install/turtle_patrol_interface/include/turtle_patrol_interface/turtle_patrol_interface/srv/detail/patrol__rosidl_typesupport_introspection_cpp.hpp\n'}
[45.146350] (-) TimerEvent: {}
[45.153944] (turtle_patrol_interface) StdoutLine: {'line': b'-- Installing: /home/cc/ee106a/fa26/class/ee106a-aec/ros_workspaces/lab2/src/install/turtle_patrol_interface/lib/libturtle_patrol_interface__rosidl_typesupport_introspection_cpp.so\n'}
[45.167820] (turtle_patrol_interface) StdoutLine: {'line': b'-- Set runtime path of "/home/cc/ee106a/fa26/class/ee106a-aec/ros_workspaces/lab2/src/install/turtle_patrol_interface/lib/libturtle_patrol_interface__rosidl_typesupport_introspection_cpp.so" to ""\n'}
[45.173792] (turtle_patrol_interface) StdoutLine: {'line': b'-- Installing: /home/cc/ee106a/fa26/class/ee106a-aec/ros_workspaces/lab2/src/install/turtle_patrol_interface/lib/libturtle_patrol_interface__rosidl_typesupport_cpp.so\n'}
[45.186832] (turtle_patrol_interface) StdoutLine: {'line': b'-- Set runtime path of "/home/cc/ee106a/fa26/class/ee106a-aec/ros_workspaces/lab2/src/install/turtle_patrol_interface/lib/libturtle_patrol_interface__rosidl_typesupport_cpp.so" to ""\n'}
[45.188390] (turtle_patrol_interface) StdoutLine: {'line': b'-- Installing: /home/cc/ee106a/fa26/class/ee106a-aec/ros_workspaces/lab2/src/install/turtle_patrol_interface/share/turtle_patrol_interface/environment/pythonpath.sh\n'}
[45.198502] (turtle_patrol_interface) StdoutLine: {'line': b'-- Installing: /home/cc/ee106a/fa26/class/ee106a-aec/ros_workspaces/lab2/src/install/turtle_patrol_interface/share/turtle_patrol_interface/environment/pythonpath.dsv\n'}
[45.208647] (turtle_patrol_interface) StdoutLine: {'line': b'-- Installing: /home/cc/ee106a/fa26/class/ee106a-aec/ros_workspaces/lab2/src/install/turtle_patrol_interface/local/lib/python3.10/dist-packages/turtle_patrol_interface-0.0.0-py3.10.egg-info\n'}
[45.227004] (turtle_patrol_interface) StdoutLine: {'line': b'-- Installing: /home/cc/ee106a/fa26/class/ee106a-aec/ros_workspaces/lab2/src/install/turtle_patrol_interface/local/lib/python3.10/dist-packages/turtle_patrol_interface-0.0.0-py3.10.egg-info/dependency_links.txt\n'}
[45.237247] (turtle_patrol_interface) StdoutLine: {'line': b'-- Installing: /home/cc/ee106a/fa26/class/ee106a-aec/ros_workspaces/lab2/src/install/turtle_patrol_interface/local/lib/python3.10/dist-packages/turtle_patrol_interface-0.0.0-py3.10.egg-info/top_level.txt\n'}
[45.246404] (turtle_patrol_interface) StdoutLine: {'line': b'-- Installing: /home/cc/ee106a/fa26/class/ee106a-aec/ros_workspaces/lab2/src/install/turtle_patrol_interface/local/lib/python3.10/dist-packages/turtle_patrol_interface-0.0.0-py3.10.egg-info/SOURCES.txt\n'}
[45.246844] (-) TimerEvent: {}
[45.257211] (turtle_patrol_interface) StdoutLine: {'line': b'-- Installing: /home/cc/ee106a/fa26/class/ee106a-aec/ros_workspaces/lab2/src/install/turtle_patrol_interface/local/lib/python3.10/dist-packages/turtle_patrol_interface-0.0.0-py3.10.egg-info/PKG-INFO\n'}
[45.268139] (turtle_patrol_interface) StdoutLine: {'line': b'-- Installing: /home/cc/ee106a/fa26/class/ee106a-aec/ros_workspaces/lab2/src/install/turtle_patrol_interface/local/lib/python3.10/dist-packages/turtle_patrol_interface\n'}
[45.280716] (turtle_patrol_interface) StdoutLine: {'line': b'-- Installing: /home/cc/ee106a/fa26/class/ee106a-aec/ros_workspaces/lab2/src/install/turtle_patrol_interface/local/lib/python3.10/dist-packages/turtle_patrol_interface/__init__.py\n'}
[45.290915] (turtle_patrol_interface) StdoutLine: {'line': b'-- Installing: /home/cc/ee106a/fa26/class/ee106a-aec/ros_workspaces/lab2/src/install/turtle_patrol_interface/local/lib/python3.10/dist-packages/turtle_patrol_interface/_turtle_patrol_interface_s.ep.rosidl_typesupport_c.c\n'}
[45.300419] (turtle_patrol_interface) StdoutLine: {'line': b'-- Installing: /home/cc/ee106a/fa26/class/ee106a-aec/ros_workspaces/lab2/src/install/turtle_patrol_interface/local/lib/python3.10/dist-packages/turtle_patrol_interface/srv\n'}
[45.312193] (turtle_patrol_interface) StdoutLine: {'line': b'-- Installing: /home/cc/ee106a/fa26/class/ee106a-aec/ros_workspaces/lab2/src/install/turtle_patrol_interface/local/lib/python3.10/dist-packages/turtle_patrol_interface/srv/_patrol.py\n'}
[45.323012] (turtle_patrol_interface) StdoutLine: {'line': b'-- Installing: /home/cc/ee106a/fa26/class/ee106a-aec/ros_workspaces/lab2/src/install/turtle_patrol_interface/local/lib/python3.10/dist-packages/turtle_patrol_interface/srv/_patrol_s.c\n'}
[45.332689] (turtle_patrol_interface) StdoutLine: {'line': b'-- Installing: /home/cc/ee106a/fa26/class/ee106a-aec/ros_workspaces/lab2/src/install/turtle_patrol_interface/local/lib/python3.10/dist-packages/turtle_patrol_interface/srv/__init__.py\n'}
[45.345735] (turtle_patrol_interface) StdoutLine: {'line': b'-- Installing: /home/cc/ee106a/fa26/class/ee106a-aec/ros_workspaces/lab2/src/install/turtle_patrol_interface/local/lib/python3.10/dist-packages/turtle_patrol_interface/libturtle_patrol_interface__rosidl_generator_py.so\n'}
[45.347011] (-) TimerEvent: {}
[45.360690] (turtle_patrol_interface) StdoutLine: {'line': b'-- Installing: /home/cc/ee106a/fa26/class/ee106a-aec/ros_workspaces/lab2/src/install/turtle_patrol_interface/local/lib/python3.10/dist-packages/turtle_patrol_interface/turtle_patrol_interface_s__rosidl_typesupport_c.cpython-310-x86_64-linux-gnu.so\n'}
[45.372301] (turtle_patrol_interface) StdoutLine: {'line': b'-- Installing: /home/cc/ee106a/fa26/class/ee106a-aec/ros_workspaces/lab2/src/install/turtle_patrol_interface/local/lib/python3.10/dist-packages/turtle_patrol_interface/_turtle_patrol_interface_s.ep.rosidl_typesupport_introspection_c.c\n'}
[45.387478] (turtle_patrol_interface) StdoutLine: {'line': b'-- Installing: /home/cc/ee106a/fa26/class/ee106a-aec/ros_workspaces/lab2/src/install/turtle_patrol_interface/local/lib/python3.10/dist-packages/turtle_patrol_interface/turtle_patrol_interface_s__rosidl_typesupport_introspection_c.cpython-310-x86_64-linux-gnu.so\n'}
[45.446852] (turtle_patrol_interface) StdoutLine: {'line': b'-- Installing: /home/cc/ee106a/fa26/class/ee106a-aec/ros_workspaces/lab2/src/install/turtle_patrol_interface/local/lib/python3.10/dist-packages/turtle_patrol_interface/turtle_patrol_interface_s__rosidl_typesupport_fastrtps_c.cpython-310-x86_64-linux-gnu.so\n'}
[45.447313] (-) TimerEvent: {}
[45.458685] (turtle_patrol_interface) StdoutLine: {'line': b'-- Installing: /home/cc/ee106a/fa26/class/ee106a-aec/ros_workspaces/lab2/src/install/turtle_patrol_interface/local/lib/python3.10/dist-packages/turtle_patrol_interface/_turtle_patrol_interface_s.ep.rosidl_typesupport_fastrtps_c.c\n'}
[45.547520] (-) TimerEvent: {}
[45.648147] (-) TimerEvent: {}
[45.749432] (-) TimerEvent: {}
[45.793862] (turtle_patrol_interface) StdoutLine: {'line': b"Listing '/home/cc/ee106a/fa26/class/ee106a-aec/ros_workspaces/lab2/src/install/turtle_patrol_interface/local/lib/python3.10/dist-packages/turtle_patrol_interface'...\n"}
[45.794552] (turtle_patrol_interface) StdoutLine: {'line': b"Compiling '/home/cc/ee106a/fa26/class/ee106a-aec/ros_workspaces/lab2/src/install/turtle_patrol_interface/local/lib/python3.10/dist-packages/turtle_patrol_interface/__init__.py'...\n"}
[45.796268] (turtle_patrol_interface) StdoutLine: {'line': b"Listing '/home/cc/ee106a/fa26/class/ee106a-aec/ros_workspaces/lab2/src/install/turtle_patrol_interface/local/lib/python3.10/dist-packages/turtle_patrol_interface/srv'...\n"}
[45.796466] (turtle_patrol_interface) StdoutLine: {'line': b"Compiling '/home/cc/ee106a/fa26/class/ee106a-aec/ros_workspaces/lab2/src/install/turtle_patrol_interface/local/lib/python3.10/dist-packages/turtle_patrol_interface/srv/__init__.py'...\n"}
[45.796765] (turtle_patrol_interface) StdoutLine: {'line': b"Compiling '/home/cc/ee106a/fa26/class/ee106a-aec/ros_workspaces/lab2/src/install/turtle_patrol_interface/local/lib/python3.10/dist-packages/turtle_patrol_interface/srv/_patrol.py'...\n"}
[45.819913] (turtle_patrol_interface) StdoutLine: {'line': b'-- Installing: /home/cc/ee106a/fa26/class/ee106a-aec/ros_workspaces/lab2/src/install/turtle_patrol_interface/local/lib/python3.10/dist-packages/turtle_patrol_interface/turtle_patrol_interface_s__rosidl_typesupport_fastrtps_c.cpython-310-x86_64-linux-gnu.so\n'}
[45.837100] (turtle_patrol_interface) StdoutLine: {'line': b'-- Set runtime path of "/home/cc/ee106a/fa26/class/ee106a-aec/ros_workspaces/lab2/src/install/turtle_patrol_interface/local/lib/python3.10/dist-packages/turtle_patrol_interface/turtle_patrol_interface_s__rosidl_typesupport_fastrtps_c.cpython-310-x86_64-linux-gnu.so" to ""\n'}
[45.843916] (turtle_patrol_interface) StdoutLine: {'line': b'-- Installing: /home/cc/ee106a/fa26/class/ee106a-aec/ros_workspaces/lab2/src/install/turtle_patrol_interface/local/lib/python3.10/dist-packages/turtle_patrol_interface/turtle_patrol_interface_s__rosidl_typesupport_introspection_c.cpython-310-x86_64-linux-gnu.so\n'}
[45.849561] (-) TimerEvent: {}
[45.863266] (turtle_patrol_interface) StdoutLine: {'line': b'-- Set runtime path of "/home/cc/ee106a/fa26/class/ee106a-aec/ros_workspaces/lab2/src/install/turtle_patrol_interface/local/lib/python3.10/dist-packages/turtle_patrol_interface/turtle_patrol_interface_s__rosidl_typesupport_introspection_c.cpython-310-x86_64-linux-gnu.so" to ""\n'}
[45.868482] (turtle_patrol_interface) StdoutLine: {'line': b'-- Installing: /home/cc/ee106a/fa26/class/ee106a-aec/ros_workspaces/lab2/src/install/turtle_patrol_interface/local/lib/python3.10/dist-packages/turtle_patrol_interface/turtle_patrol_interface_s__rosidl_typesupport_c.cpython-310-x86_64-linux-gnu.so\n'}
[45.886374] (turtle_patrol_interface) StdoutLine: {'line': b'-- Set runtime path of "/home/cc/ee106a/fa26/class/ee106a-aec/ros_workspaces/lab2/src/install/turtle_patrol_interface/local/lib/python3.10/dist-packages/turtle_patrol_interface/turtle_patrol_interface_s__rosidl_typesupport_c.cpython-310-x86_64-linux-gnu.so" to ""\n'}
[45.889493] (turtle_patrol_interface) StdoutLine: {'line': b'-- Installing: /home/cc/ee106a/fa26/class/ee106a-aec/ros_workspaces/lab2/src/install/turtle_patrol_interface/lib/libturtle_patrol_interface__rosidl_generator_py.so\n'}
[45.907241] (turtle_patrol_interface) StdoutLine: {'line': b'-- Set runtime path of "/home/cc/ee106a/fa26/class/ee106a-aec/ros_workspaces/lab2/src/install/turtle_patrol_interface/lib/libturtle_patrol_interface__rosidl_generator_py.so" to ""\n'}
[45.918880] (turtle_patrol_interface) StdoutLine: {'line': b'-- Installing: /home/cc/ee106a/fa26/class/ee106a-aec/ros_workspaces/lab2/src/install/turtle_patrol_interface/share/ament_index/resource_index/rust_packages/turtle_patrol_interface\n'}
[45.929057] (turtle_patrol_interface) StdoutLine: {'line': b'-- Installing: /home/cc/ee106a/fa26/class/ee106a-aec/ros_workspaces/lab2/src/install/turtle_patrol_interface/share/turtle_patrol_interface/rust\n'}
[45.943145] (turtle_patrol_interface) StdoutLine: {'line': b'-- Installing: /home/cc/ee106a/fa26/class/ee106a-aec/ros_workspaces/lab2/src/install/turtle_patrol_interface/share/turtle_patrol_interface/rust/build.rs\n'}
[45.950203] (-) TimerEvent: {}
[45.953661] (turtle_patrol_interface) StdoutLine: {'line': b'-- Installing: /home/cc/ee106a/fa26/class/ee106a-aec/ros_workspaces/lab2/src/install/turtle_patrol_interface/share/turtle_patrol_interface/rust/Cargo.toml\n'}
[45.964534] (turtle_patrol_interface) StdoutLine: {'line': b'-- Installing: /home/cc/ee106a/fa26/class/ee106a-aec/ros_workspaces/lab2/src/install/turtle_patrol_interface/share/turtle_patrol_interface/rust/src\n'}
[45.975091] (turtle_patrol_interface) StdoutLine: {'line': b'-- Installing: /home/cc/ee106a/fa26/class/ee106a-aec/ros_workspaces/lab2/src/install/turtle_patrol_interface/share/turtle_patrol_interface/rust/src/lib.rs\n'}
[45.987300] (turtle_patrol_interface) StdoutLine: {'line': b'-- Installing: /home/cc/ee106a/fa26/class/ee106a-aec/ros_workspaces/lab2/src/install/turtle_patrol_interface/share/turtle_patrol_interface/rust/src/srv\n'}
[46.001639] (turtle_patrol_interface) StdoutLine: {'line': b'-- Installing: /home/cc/ee106a/fa26/class/ee106a-aec/ros_workspaces/lab2/src/install/turtle_patrol_interface/share/turtle_patrol_interface/rust/src/srv/rmw.rs\n'}
[46.015355] (turtle_patrol_interface) StdoutLine: {'line': b'-- Installing: /home/cc/ee106a/fa26/class/ee106a-aec/ros_workspaces/lab2/src/install/turtle_patrol_interface/share/turtle_patrol_interface/rust/src/srv.rs\n'}
[46.038115] (turtle_patrol_interface) StdoutLine: {'line': b'-- Installing: /home/cc/ee106a/fa26/class/ee106a-aec/ros_workspaces/lab2/src/install/turtle_patrol_interface/share/turtle_patrol_interface/srv/Patrol.idl\n'}
[46.049379] (turtle_patrol_interface) StdoutLine: {'line': b'-- Installing: /home/cc/ee106a/fa26/class/ee106a-aec/ros_workspaces/lab2/src/install/turtle_patrol_interface/share/turtle_patrol_interface/srv/Patrol.srv\n'}
[46.050275] (-) TimerEvent: {}
[46.063199] (turtle_patrol_interface) StdoutLine: {'line': b'-- Installing: /home/cc/ee106a/fa26/class/ee106a-aec/ros_workspaces/lab2/src/install/turtle_patrol_interface/share/turtle_patrol_interface/srv/Patrol_Request.msg\n'}
[46.077388] (turtle_patrol_interface) StdoutLine: {'line': b'-- Installing: /home/cc/ee106a/fa26/class/ee106a-aec/ros_workspaces/lab2/src/install/turtle_patrol_interface/share/turtle_patrol_interface/srv/Patrol_Response.msg\n'}
[46.097839] (turtle_patrol_interface) StdoutLine: {'line': b'-- Installing: /home/cc/ee106a/fa26/class/ee106a-aec/ros_workspaces/lab2/src/install/turtle_patrol_interface/share/ament_index/resource_index/package_run_dependencies/turtle_patrol_interface\n'}
[46.121400] (turtle_patrol_interface) StdoutLine: {'line': b'-- Installing: /home/cc/ee106a/fa26/class/ee106a-aec/ros_workspaces/lab2/src/install/turtle_patrol_interface/share/ament_index/resource_index/parent_prefix_path/turtle_patrol_interface\n'}
[46.132483] (turtle_patrol_interface) StdoutLine: {'line': b'-- Installing: /home/cc/ee106a/fa26/class/ee106a-aec/ros_workspaces/lab2/src/install/turtle_patrol_interface/share/turtle_patrol_interface/environment/ament_prefix_path.sh\n'}
[46.150502] (-) TimerEvent: {}
[46.154976] (turtle_patrol_interface) StdoutLine: {'line': b'-- Installing: /home/cc/ee106a/fa26/class/ee106a-aec/ros_workspaces/lab2/src/install/turtle_patrol_interface/share/turtle_patrol_interface/environment/ament_prefix_path.dsv\n'}
[46.164101] (turtle_patrol_interface) StdoutLine: {'line': b'-- Installing: /home/cc/ee106a/fa26/class/ee106a-aec/ros_workspaces/lab2/src/install/turtle_patrol_interface/share/turtle_patrol_interface/environment/path.sh\n'}
[46.181104] (turtle_patrol_interface) StdoutLine: {'line': b'-- Installing: /home/cc/ee106a/fa26/class/ee106a-aec/ros_workspaces/lab2/src/install/turtle_patrol_interface/share/turtle_patrol_interface/environment/path.dsv\n'}
[46.195460] (turtle_patrol_interface) StdoutLine: {'line': b'-- Installing: /home/cc/ee106a/fa26/class/ee106a-aec/ros_workspaces/lab2/src/install/turtle_patrol_interface/share/turtle_patrol_interface/local_setup.bash\n'}
[46.210186] (turtle_patrol_interface) StdoutLine: {'line': b'-- Installing: /home/cc/ee106a/fa26/class/ee106a-aec/ros_workspaces/lab2/src/install/turtle_patrol_interface/share/turtle_patrol_interface/local_setup.sh\n'}
[46.222203] (turtle_patrol_interface) StdoutLine: {'line': b'-- Installing: /home/cc/ee106a/fa26/class/ee106a-aec/ros_workspaces/lab2/src/install/turtle_patrol_interface/share/turtle_patrol_interface/local_setup.zsh\n'}
[46.235191] (turtle_patrol_interface) StdoutLine: {'line': b'-- Installing: /home/cc/ee106a/fa26/class/ee106a-aec/ros_workspaces/lab2/src/install/turtle_patrol_interface/share/turtle_patrol_interface/local_setup.dsv\n'}
[46.246489] (turtle_patrol_interface) StdoutLine: {'line': b'-- Installing: /home/cc/ee106a/fa26/class/ee106a-aec/ros_workspaces/lab2/src/install/turtle_patrol_interface/share/turtle_patrol_interface/package.dsv\n'}
[46.251138] (-) TimerEvent: {}
[46.271992] (turtle_patrol_interface) StdoutLine: {'line': b'-- Installing: /home/cc/ee106a/fa26/class/ee106a-aec/ros_workspaces/lab2/src/install/turtle_patrol_interface/share/ament_index/resource_index/packages/turtle_patrol_interface\n'}
[46.287743] (turtle_patrol_interface) StdoutLine: {'line': b'-- Installing: /home/cc/ee106a/fa26/class/ee106a-aec/ros_workspaces/lab2/src/install/turtle_patrol_interface/share/turtle_patrol_interface/cmake/export_turtle_patrol_interface__rosidl_generator_cExport.cmake\n'}
[46.297963] (turtle_patrol_interface) StdoutLine: {'line': b'-- Installing: /home/cc/ee106a/fa26/class/ee106a-aec/ros_workspaces/lab2/src/install/turtle_patrol_interface/share/turtle_patrol_interface/cmake/export_turtle_patrol_interface__rosidl_generator_cExport-noconfig.cmake\n'}
[46.309752] (turtle_patrol_interface) StdoutLine: {'line': b'-- Installing: /home/cc/ee106a/fa26/class/ee106a-aec/ros_workspaces/lab2/src/install/turtle_patrol_interface/share/turtle_patrol_interface/cmake/export_turtle_patrol_interface__rosidl_typesupport_fastrtps_cExport.cmake\n'}
[46.322460] (turtle_patrol_interface) StdoutLine: {'line': b'-- Installing: /home/cc/ee106a/fa26/class/ee106a-aec/ros_workspaces/lab2/src/install/turtle_patrol_interface/share/turtle_patrol_interface/cmake/export_turtle_patrol_interface__rosidl_typesupport_fastrtps_cExport-noconfig.cmake\n'}
[46.333028] (turtle_patrol_interface) StdoutLine: {'line': b'-- Installing: /home/cc/ee106a/fa26/class/ee106a-aec/ros_workspaces/lab2/src/install/turtle_patrol_interface/share/turtle_patrol_interface/cmake/export_turtle_patrol_interface__rosidl_generator_cppExport.cmake\n'}
[46.347148] (turtle_patrol_interface) StdoutLine: {'line': b'-- Installing: /home/cc/ee106a/fa26/class/ee106a-aec/ros_workspaces/lab2/src/install/turtle_patrol_interface/share/turtle_patrol_interface/cmake/export_turtle_patrol_interface__rosidl_typesupport_fastrtps_cppExport.cmake\n'}
[46.351305] (-) TimerEvent: {}
[46.359051] (turtle_patrol_interface) StdoutLine: {'line': b'-- Installing: /home/cc/ee106a/fa26/class/ee106a-aec/ros_workspaces/lab2/src/install/turtle_patrol_interface/share/turtle_patrol_interface/cmake/export_turtle_patrol_interface__rosidl_typesupport_fastrtps_cppExport-noconfig.cmake\n'}
[46.373533] (turtle_patrol_interface) StdoutLine: {'line': b'-- Installing: /home/cc/ee106a/fa26/class/ee106a-aec/ros_workspaces/lab2/src/install/turtle_patrol_interface/share/turtle_patrol_interface/cmake/turtle_patrol_interface__rosidl_typesupport_introspection_cExport.cmake\n'}
[46.386466] (turtle_patrol_interface) StdoutLine: {'line': b'-- Installing: /home/cc/ee106a/fa26/class/ee106a-aec/ros_workspaces/lab2/src/install/turtle_patrol_interface/share/turtle_patrol_interface/cmake/turtle_patrol_interface__rosidl_typesupport_introspection_cExport-noconfig.cmake\n'}
[46.404327] (turtle_patrol_interface) StdoutLine: {'line': b'-- Installing: /home/cc/ee106a/fa26/class/ee106a-aec/ros_workspaces/lab2/src/install/turtle_patrol_interface/share/turtle_patrol_interface/cmake/turtle_patrol_interface__rosidl_typesupport_cExport.cmake\n'}
[46.417779] (turtle_patrol_interface) StdoutLine: {'line': b'-- Installing: /home/cc/ee106a/fa26/class/ee106a-aec/ros_workspaces/lab2/src/install/turtle_patrol_interface/share/turtle_patrol_interface/cmake/turtle_patrol_interface__rosidl_typesupport_cExport-noconfig.cmake\n'}
[46.430425] (turtle_patrol_interface) StdoutLine: {'line': b'-- Installing: /home/cc/ee106a/fa26/class/ee106a-aec/ros_workspaces/lab2/src/install/turtle_patrol_interface/share/turtle_patrol_interface/cmake/turtle_patrol_interface__rosidl_typesupport_introspection_cppExport.cmake\n'}
[46.446251] (turtle_patrol_interface) StdoutLine: {'line': b'-- Installing: /home/cc/ee106a/fa26/class/ee106a-aec/ros_workspaces/lab2/src/install/turtle_patrol_interface/share/turtle_patrol_interface/cmake/turtle_patrol_interface__rosidl_typesupport_introspection_cppExport-noconfig.cmake\n'}
[46.451458] (-) TimerEvent: {}
[46.458983] (turtle_patrol_interface) StdoutLine: {'line': b'-- Installing: /home/cc/ee106a/fa26/class/ee106a-aec/ros_workspaces/lab2/src/install/turtle_patrol_interface/share/turtle_patrol_interface/cmake/turtle_patrol_interface__rosidl_typesupport_cppExport.cmake\n'}
[46.472732] (turtle_patrol_interface) StdoutLine: {'line': b'-- Installing: /home/cc/ee106a/fa26/class/ee106a-aec/ros_workspaces/lab2/src/install/turtle_patrol_interface/share/turtle_patrol_interface/cmake/turtle_patrol_interface__rosidl_typesupport_cppExport-noconfig.cmake\n'}
[46.485980] (turtle_patrol_interface) StdoutLine: {'line': b'-- Installing: /home/cc/ee106a/fa26/class/ee106a-aec/ros_workspaces/lab2/src/install/turtle_patrol_interface/share/turtle_patrol_interface/cmake/export_turtle_patrol_interface__rosidl_generator_pyExport.cmake\n'}
[46.497217] (turtle_patrol_interface) StdoutLine: {'line': b'-- Installing: /home/cc/ee106a/fa26/class/ee106a-aec/ros_workspaces/lab2/src/install/turtle_patrol_interface/share/turtle_patrol_interface/cmake/export_turtle_patrol_interface__rosidl_generator_pyExport-noconfig.cmake\n'}
[46.509294] (turtle_patrol_interface) StdoutLine: {'line': b'-- Installing: /home/cc/ee106a/fa26/class/ee106a-aec/ros_workspaces/lab2/src/install/turtle_patrol_interface/share/turtle_patrol_interface/cmake/rosidl_cmake-extras.cmake\n'}
[46.522710] (turtle_patrol_interface) StdoutLine: {'line': b'-- Installing: /home/cc/ee106a/fa26/class/ee106a-aec/ros_workspaces/lab2/src/install/turtle_patrol_interface/share/turtle_patrol_interface/cmake/ament_cmake_export_dependencies-extras.cmake\n'}
[46.532242] (turtle_patrol_interface) StdoutLine: {'line': b'-- Installing: /home/cc/ee106a/fa26/class/ee106a-aec/ros_workspaces/lab2/src/install/turtle_patrol_interface/share/turtle_patrol_interface/cmake/ament_cmake_export_include_directories-extras.cmake\n'}
[46.544714] (turtle_patrol_interface) StdoutLine: {'line': b'-- Installing: /home/cc/ee106a/fa26/class/ee106a-aec/ros_workspaces/lab2/src/install/turtle_patrol_interface/share/turtle_patrol_interface/cmake/ament_cmake_export_libraries-extras.cmake\n'}
[46.551870] (-) TimerEvent: {}
[46.556350] (turtle_patrol_interface) StdoutLine: {'line': b'-- Installing: /home/cc/ee106a/fa26/class/ee106a-aec/ros_workspaces/lab2/src/install/turtle_patrol_interface/share/turtle_patrol_interface/cmake/ament_cmake_export_targets-extras.cmake\n'}
[46.570146] (turtle_patrol_interface) StdoutLine: {'line': b'-- Installing: /home/cc/ee106a/fa26/class/ee106a-aec/ros_workspaces/lab2/src/install/turtle_patrol_interface/share/turtle_patrol_interface/cmake/rosidl_cmake_export_typesupport_targets-extras.cmake\n'}
[46.578892] (turtle_patrol_interface) StdoutLine: {'line': b'-- Installing: /home/cc/ee106a/fa26/class/ee106a-aec/ros_workspaces/lab2/src/install/turtle_patrol_interface/share/turtle_patrol_interface/cmake/rosidl_cmake_export_typesupport_libraries-extras.cmake\n'}
[46.590985] (turtle_patrol_interface) StdoutLine: {'line': b'-- Installing: /home/cc/ee106a/fa26/class/ee106a-aec/ros_workspaces/lab2/src/install/turtle_patrol_interface/share/turtle_patrol_interface/cmake/rosidl_cmake_aggregate_target-extras.cmake\n'}
[46.601321] (turtle_patrol_interface) StdoutLine: {'line': b'-- Installing: /home/cc/ee106a/fa26/class/ee106a-aec/ros_workspaces/lab2/src/install/turtle_patrol_interface/share/turtle_patrol_interface/cmake/turtle_patrol_interfaceConfig.cmake\n'}
[46.612016] (turtle_patrol_interface) StdoutLine: {'line': b'-- Installing: /home/cc/ee106a/fa26/class/ee106a-aec/ros_workspaces/lab2/src/install/turtle_patrol_interface/share/turtle_patrol_interface/cmake/turtle_patrol_interfaceConfig-version.cmake\n'}
[46.624627] (turtle_patrol_interface) StdoutLine: {'line': b'-- Installing: /home/cc/ee106a/fa26/class/ee106a-aec/ros_workspaces/lab2/src/install/turtle_patrol_interface/share/turtle_patrol_interface/package.xml\n'}
[46.651154] (turtle_patrol_interface) CommandEnded: {'returncode': 0}
[46.655544] (-) TimerEvent: {}
[46.757734] (-) TimerEvent: {}
[46.858830] (-) TimerEvent: {}
[46.959949] (-) TimerEvent: {}
[46.965865] (turtle_patrol_interface) JobEnded: {'identifier': 'turtle_patrol_interface', 'rc': 0}
[46.978301] (-) EventReactorShutdown: {}
